INSERT INTO Restaurants (year, rank, restaurantName, cityName) VALUES (2023, 1, 'Central', 'Lima');
INSERT INTO Cities (cityName, countryName) VALUES ('Lima', 'Peru');
INSERT INTO Countries (countryName) VALUES ('Peru');
INSERT INTO Restaurants (year, rank, restaurantName, cityName) VALUES (2023, 2, 'Disfrutar', 'Barcelona');
INSERT INTO Cities (cityName, countryName) VALUES ('Barcelona', 'Spain');
INSERT INTO Countries (countryName) VALUES ('Spain');
INSERT INTO Restaurants (year, rank, restaurantName, cityName) VALUES (2023, 3, 'Diverxo', 'Madrid');
INSERT INTO Cities (cityName, countryName) VALUES ('Madrid', 'Spain');
INSERT INTO Restaurants (year, rank, restaurantName, cityName) VALUES (2023, 4, 'Asador Etxebarri', 'Atxondo');
INSERT INTO Cities (cityName, countryName) VALUES ('Atxondo', 'Spain');
INSERT INTO Restaurants (year, rank, restaurantName, cityName) VALUES (2023, 5, 'Alchemist', 'Copenhagen');
INSERT INTO Cities (cityName, countryName) VALUES ('Copenhagen', 'Denmark');
INSERT INTO Countries (countryName) VALUES ('Denmark');
INSERT INTO Restaurants (year, rank, restaurantName, cityName) VALUES (2023, 6, 'Maido', 'Lima');
INSERT INTO Restaurants (year, rank, restaurantName, cityName) VALUES (2023, 7, 'Lido 84', 'Gardone Riviera');
INSERT INTO Cities (cityName, countryName) VALUES ('Gardone Riviera', 'Italy');
INSERT INTO Countries (countryName) VALUES ('Italy');
INSERT INTO Restaurants (year, rank, restaurantName, cityName) VALUES (2023, 8, 'Atomix', 'New York');
INSERT INTO Cities (cityName, countryName) VALUES ('New York', 'USA');
INSERT INTO Countries (countryName) VALUES ('USA');
INSERT INTO Restaurants (year, rank, restaurantName, cityName) VALUES (2023, 9, 'Quintonil', 'Mexico City');
INSERT INTO Cities (cityName, countryName) VALUES ('Mexico City', 'Mexico');
INSERT INTO Countries (countryName) VALUES ('Mexico');
INSERT INTO Restaurants (year, rank, restaurantName, cityName) VALUES (2023, 10, 'Table by Bruno Verjus', 'Paris');
INSERT INTO Cities (cityName, countryName) VALUES ('Paris', 'France');
INSERT INTO Countries (countryName) VALUES ('France');
INSERT INTO Restaurants (year, rank, restaurantName, cityName) VALUES (2023, 11, 'Trèsind Studio', 'Dubai');
INSERT INTO Cities (cityName, countryName) VALUES ('Dubai', 'United Arab Emirates');
INSERT INTO Countries (countryName) VALUES ('United Arab Emirates');
INSERT INTO Restaurants (year, rank, restaurantName, cityName) VALUES (2023, 12, 'A Casa do Porco', 'São Paulo');
INSERT INTO Cities (cityName, countryName) VALUES ('São Paulo', 'Brazil');
INSERT INTO Countries (countryName) VALUES ('Brazil');
INSERT INTO Restaurants (year, rank, restaurantName, cityName) VALUES (2023, 13, 'Pujol', 'Mexico City');
INSERT INTO Restaurants (year, rank, restaurantName, cityName) VALUES (2023, 14, 'Odette', 'Singapore');
INSERT INTO Cities (cityName, countryName) VALUES ('Singapore', 'Singapore');
INSERT INTO Countries (countryName) VALUES ('Singapore');
INSERT INTO Restaurants (year, rank, restaurantName, cityName) VALUES (2023, 15, 'Le Du', 'Bangkok');
INSERT INTO Cities (cityName, countryName) VALUES ('Bangkok', 'Thailand');
INSERT INTO Countries (countryName) VALUES ('Thailand');
INSERT INTO Restaurants (year, rank, restaurantName, cityName) VALUES (2023, 16, 'Reale', 'Castel di Sangro');
INSERT INTO Cities (cityName, countryName) VALUES ('Castel di Sangro', 'Italy');
INSERT INTO Restaurants (year, rank, restaurantName, cityName) VALUES (2023, 17, 'Gaggan Anand', 'Bangkok');
INSERT INTO Restaurants (year, rank, restaurantName, cityName) VALUES (2023, 18, 'Steirereck', 'Vienna');
INSERT INTO Cities (cityName, countryName) VALUES ('Vienna', 'Austria');
INSERT INTO Countries (countryName) VALUES ('Austria');
INSERT INTO Restaurants (year, rank, restaurantName, cityName) VALUES (2023, 19, 'Don Julio', 'Buenos Aires');
INSERT INTO Cities (cityName, countryName) VALUES ('Buenos Aires', 'Argentina');
INSERT INTO Countries (countryName) VALUES ('Argentina');
INSERT INTO Restaurants (year, rank, restaurantName, cityName) VALUES (2023, 20, 'Quique Dacosta', 'Dénia');
INSERT INTO Cities (cityName, countryName) VALUES ('Dénia', 'Spain');
INSERT INTO Restaurants (year, rank, restaurantName, cityName) VALUES (2023, 21, 'Den', 'Tokyo');
INSERT INTO Cities (cityName, countryName) VALUES ('Tokyo', 'Japan');
INSERT INTO Countries (countryName) VALUES ('Japan');
INSERT INTO Restaurants (year, rank, restaurantName, cityName) VALUES (2023, 22, 'Elkano', 'Getaria');
INSERT INTO Cities (cityName, countryName) VALUES ('Getaria', 'Spain');
INSERT INTO Restaurants (year, rank, restaurantName, cityName) VALUES (2023, 23, 'Kol', 'London');
INSERT INTO Cities (cityName, countryName) VALUES ('London', 'UK');
INSERT INTO Countries (countryName) VALUES ('UK');
INSERT INTO Restaurants (year, rank, restaurantName, cityName) VALUES (2023, 24, 'Septime', 'Paris');
INSERT INTO Restaurants (year, rank, restaurantName, cityName) VALUES (2023, 25, 'Belcanto', 'Lisbon');
INSERT INTO Cities (cityName, countryName) VALUES ('Lisbon', 'Portugal');
INSERT INTO Countries (countryName) VALUES ('Portugal');
INSERT INTO Restaurants (year, rank, restaurantName, cityName) VALUES (2023, 26, 'Schloss Schauenstein', 'Fürstenau');
INSERT INTO Cities (cityName, countryName) VALUES ('Fürstenau', 'Switzerland');
INSERT INTO Countries (countryName) VALUES ('Switzerland');
INSERT INTO Restaurants (year, rank, restaurantName, cityName) VALUES (2023, 27, 'Florilège', 'Tokyo');
INSERT INTO Restaurants (year, rank, restaurantName, cityName) VALUES (2023, 28, 'Kjolle', 'Lima');
INSERT INTO Restaurants (year, rank, restaurantName, cityName) VALUES (2023, 29, 'Boragó', 'Santiago');
INSERT INTO Cities (cityName, countryName) VALUES ('Santiago', 'Chile');
INSERT INTO Countries (countryName) VALUES ('Chile');
INSERT INTO Restaurants (year, rank, restaurantName, cityName) VALUES (2023, 30, 'Frantzén', 'Stockholm');
INSERT INTO Cities (cityName, countryName) VALUES ('Stockholm', 'Sweden');
INSERT INTO Countries (countryName) VALUES ('Sweden');
INSERT INTO Restaurants (year, rank, restaurantName, cityName) VALUES (2023, 31, 'Mugaritz', 'San Sebastian');
INSERT INTO Cities (cityName, countryName) VALUES ('San Sebastian', 'Spain');
INSERT INTO Restaurants (year, rank, restaurantName, cityName) VALUES (2023, 32, 'Hiša Franko', 'Kobarid');
INSERT INTO Cities (cityName, countryName) VALUES ('Kobarid', 'Slovenia');
INSERT INTO Countries (countryName) VALUES ('Slovenia');
INSERT INTO Restaurants (year, rank, restaurantName, cityName) VALUES (2023, 33, 'El Chato', 'Bogotá');
INSERT INTO Cities (cityName, countryName) VALUES ('Bogotá', 'Colombia');
INSERT INTO Countries (countryName) VALUES ('Colombia');
INSERT INTO Restaurants (year, rank, restaurantName, cityName) VALUES (2023, 34, 'Uliassi', 'Senigallia');
INSERT INTO Cities (cityName, countryName) VALUES ('Senigallia', 'Italy');
INSERT INTO Restaurants (year, rank, restaurantName, cityName) VALUES (2023, 35, 'Ikoyi', 'London');
INSERT INTO Restaurants (year, rank, restaurantName, cityName) VALUES (2023, 36, 'Plénitude', 'Paris');
INSERT INTO Restaurants (year, rank, restaurantName, cityName) VALUES (2023, 37, 'Sézanne', 'Tokyo');
INSERT INTO Restaurants (year, rank, restaurantName, cityName) VALUES (2023, 38, 'The Clove Club', 'London');
INSERT INTO Restaurants (year, rank, restaurantName, cityName) VALUES (2023, 39, 'The Jane', 'Antwerp');
INSERT INTO Cities (cityName, countryName) VALUES ('Antwerp', 'Belgium');
INSERT INTO Countries (countryName) VALUES ('Belgium');
INSERT INTO Restaurants (year, rank, restaurantName, cityName) VALUES (2023, 40, 'Restaurant Tim Raue', 'Berlin');
INSERT INTO Cities (cityName, countryName) VALUES ('Berlin', 'Germany');
INSERT INTO Countries (countryName) VALUES ('Germany');
INSERT INTO Restaurants (year, rank, restaurantName, cityName) VALUES (2023, 41, 'Le Calandre', 'Rubano');
INSERT INTO Cities (cityName, countryName) VALUES ('Rubano', 'Italy');
INSERT INTO Restaurants (year, rank, restaurantName, cityName) VALUES (2023, 42, 'Piazza Duomo', 'Alba');
INSERT INTO Cities (cityName, countryName) VALUES ('Alba', 'Italy');
INSERT INTO Restaurants (year, rank, restaurantName, cityName) VALUES (2023, 43, 'Leo', 'Bogotá');
INSERT INTO Restaurants (year, rank, restaurantName, cityName) VALUES (2023, 44, 'Le Bernardin', 'New York');
INSERT INTO Restaurants (year, rank, restaurantName, cityName) VALUES (2023, 45, 'Nobelhart & Schmutzig', 'Berlin');
INSERT INTO Restaurants (year, rank, restaurantName, cityName) VALUES (2023, 46, 'Orfali Bros Bistro', 'Dubai');
INSERT INTO Restaurants (year, rank, restaurantName, cityName) VALUES (2023, 47, 'Mayta', 'Lima');
INSERT INTO Restaurants (year, rank, restaurantName, cityName) VALUES (2023, 48, 'La Grenouillère', 'La Madelaine-sous-Montreuil');
INSERT INTO Cities (cityName, countryName) VALUES ('La Madelaine-sous-Montreuil', 'France');
INSERT INTO Restaurants (year, rank, restaurantName, cityName) VALUES (2023, 49, 'Rosetta', 'Mexico City');
INSERT INTO Restaurants (year, rank, restaurantName, cityName) VALUES (2023, 50, 'The Chairman', 'Hong Kong');
INSERT INTO Cities (cityName, countryName) VALUES ('Hong Kong', 'China');
INSERT INTO Countries (countryName) VALUES ('China');
INSERT INTO Restaurants (year, rank, restaurantName, cityName) VALUES (2022, 1, 'Geranium', 'Copenhagen');
INSERT INTO Restaurants (year, rank, restaurantName, cityName) VALUES (2022, 2, 'Central', 'Lima');
INSERT INTO Restaurants (year, rank, restaurantName, cityName) VALUES (2022, 3, 'Disfrutar', 'Barcelona');
INSERT INTO Restaurants (year, rank, restaurantName, cityName) VALUES (2022, 4, 'Diverxo', 'Madrid');
INSERT INTO Restaurants (year, rank, restaurantName, cityName) VALUES (2022, 5, 'Pujol', 'Mexico City');
INSERT INTO Restaurants (year, rank, restaurantName, cityName) VALUES (2022, 6, 'Asador Etxebarri', 'Atxondo');
INSERT INTO Restaurants (year, rank, restaurantName, cityName) VALUES (2022, 7, 'A Casa do Porco', 'São Paulo');
INSERT INTO Restaurants (year, rank, restaurantName, cityName) VALUES (2022, 8, 'Lido 84', 'Gardone Riviera');
INSERT INTO Restaurants (year, rank, restaurantName, cityName) VALUES (2022, 9, 'Quintonil', 'Mexico City');
INSERT INTO Restaurants (year, rank, restaurantName, cityName) VALUES (2022, 10, 'Le Calandre', 'Rubano');
INSERT INTO Restaurants (year, rank, restaurantName, cityName) VALUES (2022, 11, 'Maido', 'Lima');
INSERT INTO Restaurants (year, rank, restaurantName, cityName) VALUES (2022, 12, 'Uliassi', 'Senigallia');
INSERT INTO Restaurants (year, rank, restaurantName, cityName) VALUES (2022, 13, 'Steirereck', 'Vienna');
INSERT INTO Restaurants (year, rank, restaurantName, cityName) VALUES (2022, 14, 'Don Julio', 'Buenos Aires');
INSERT INTO Restaurants (year, rank, restaurantName, cityName) VALUES (2022, 15, 'Reale', 'Castel di Sangro');
INSERT INTO Restaurants (year, rank, restaurantName, cityName) VALUES (2022, 16, 'Elkano', 'Getaria');
INSERT INTO Restaurants (year, rank, restaurantName, cityName) VALUES (2022, 17, 'Nobelhart & Schmutzig', 'Berlin');
INSERT INTO Restaurants (year, rank, restaurantName, cityName) VALUES (2022, 18, 'Alchemist', 'Copenhagen');
INSERT INTO Restaurants (year, rank, restaurantName, cityName) VALUES (2022, 19, 'Piazza Duomo', 'Alba');
INSERT INTO Restaurants (year, rank, restaurantName, cityName) VALUES (2022, 20, 'Den', 'Tokyo');
INSERT INTO Restaurants (year, rank, restaurantName, cityName) VALUES (2022, 21, 'Mugaritz', 'San Sebastian');
INSERT INTO Restaurants (year, rank, restaurantName, cityName) VALUES (2022, 22, 'Septime', 'Paris');
INSERT INTO Restaurants (year, rank, restaurantName, cityName) VALUES (2022, 23, 'The Jane', 'Antwerp');
INSERT INTO Restaurants (year, rank, restaurantName, cityName) VALUES (2022, 24, 'The Chairman', 'Hong Kong');
INSERT INTO Restaurants (year, rank, restaurantName, cityName) VALUES (2022, 25, 'Frantzén', 'Stockholm');
INSERT INTO Restaurants (year, rank, restaurantName, cityName) VALUES (2022, 26, 'Restaurant Tim Raue', 'Berlin');
INSERT INTO Restaurants (year, rank, restaurantName, cityName) VALUES (2022, 27, 'Hof Van Cleve', 'Kruishoutem');
INSERT INTO Cities (cityName, countryName) VALUES ('Kruishoutem', 'Belgium');
INSERT INTO Restaurants (year, rank, restaurantName, cityName) VALUES (2022, 28, 'Le Clarence', 'Paris');
INSERT INTO Restaurants (year, rank, restaurantName, cityName) VALUES (2022, 29, 'St. Hubertus', 'San Cassiano');
INSERT INTO Cities (cityName, countryName) VALUES ('San Cassiano', 'Italy');
INSERT INTO Restaurants (year, rank, restaurantName, cityName) VALUES (2022, 30, 'Florilège', 'Tokyo');
INSERT INTO Restaurants (year, rank, restaurantName, cityName) VALUES (2022, 31, 'Arpège', 'Paris');
INSERT INTO Restaurants (year, rank, restaurantName, cityName) VALUES (2022, 32, 'Mayta', 'Lima');
INSERT INTO Restaurants (year, rank, restaurantName, cityName) VALUES (2022, 33, 'Atomix', 'New York');
INSERT INTO Restaurants (year, rank, restaurantName, cityName) VALUES (2022, 34, 'Hiša Franko', 'Kobarid');
INSERT INTO Restaurants (year, rank, restaurantName, cityName) VALUES (2022, 35, 'The Clove Club', 'London');
INSERT INTO Restaurants (year, rank, restaurantName, cityName) VALUES (2022, 36, 'Odette', 'Singapore');
INSERT INTO Restaurants (year, rank, restaurantName, cityName) VALUES (2022, 37, 'Fyn', 'Cape Town');
INSERT INTO Cities (cityName, countryName) VALUES ('Cape Town', 'South Africa');
INSERT INTO Countries (countryName) VALUES ('South Africa');
INSERT INTO Restaurants (year, rank, restaurantName, cityName) VALUES (2022, 38, 'Jordnær', 'Copenhagen');
INSERT INTO Restaurants (year, rank, restaurantName, cityName) VALUES (2022, 39, 'Sorn', 'Bangkok');
INSERT INTO Restaurants (year, rank, restaurantName, cityName) VALUES (2022, 40, 'Schloss Schauenstein', 'Fürstenau');
INSERT INTO Restaurants (year, rank, restaurantName, cityName) VALUES (2022, 41, 'La Cime', 'Osaka');
INSERT INTO Cities (cityName, countryName) VALUES ('Osaka', 'Japan');
INSERT INTO Restaurants (year, rank, restaurantName, cityName) VALUES (2022, 42, 'Quique Dacosta', 'Dénia');
INSERT INTO Restaurants (year, rank, restaurantName, cityName) VALUES (2022, 43, 'Boragó', 'Santiago');
INSERT INTO Restaurants (year, rank, restaurantName, cityName) VALUES (2022, 44, 'Le Bernardin', 'New York');
INSERT INTO Restaurants (year, rank, restaurantName, cityName) VALUES (2022, 45, 'Narisawa', 'Tokyo');
INSERT INTO Restaurants (year, rank, restaurantName, cityName) VALUES (2022, 46, 'Belcanto', 'Lisbon');
INSERT INTO Restaurants (year, rank, restaurantName, cityName) VALUES (2022, 47, 'Oteque', 'Rio de Janeiro');
INSERT INTO Cities (cityName, countryName) VALUES ('Rio de Janeiro', 'Brazil');
INSERT INTO Restaurants (year, rank, restaurantName, cityName) VALUES (2022, 48, 'Leo', 'Bogotá');
INSERT INTO Restaurants (year, rank, restaurantName, cityName) VALUES (2022, 49, 'Ikoyi', 'London');
INSERT INTO Restaurants (year, rank, restaurantName, cityName) VALUES (2022, 50, 'SingleThread', 'Healdsburg');
INSERT INTO Cities (cityName, countryName) VALUES ('Healdsburg', 'USA');
INSERT INTO Restaurants (year, rank, restaurantName, cityName) VALUES (2021, 1, 'Noma', 'Copenhagen');
INSERT INTO Restaurants (year, rank, restaurantName, cityName) VALUES (2021, 2, 'Geranium', 'Copenhagen');
INSERT INTO Restaurants (year, rank, restaurantName, cityName) VALUES (2021, 3, 'Asador Etxebarri', 'Atxondo');
INSERT INTO Restaurants (year, rank, restaurantName, cityName) VALUES (2021, 4, 'Central', 'Lima');
INSERT INTO Restaurants (year, rank, restaurantName, cityName) VALUES (2021, 5, 'Disfrutar', 'Barcelona');
INSERT INTO Restaurants (year, rank, restaurantName, cityName) VALUES (2021, 6, 'Frantzén', 'Stockholm');
INSERT INTO Restaurants (year, rank, restaurantName, cityName) VALUES (2021, 7, 'Maido', 'Lima');
INSERT INTO Restaurants (year, rank, restaurantName, cityName) VALUES (2021, 8, 'Odette', 'Singapore');
INSERT INTO Restaurants (year, rank, restaurantName, cityName) VALUES (2021, 9, 'Pujol', 'Mexico City');
INSERT INTO Restaurants (year, rank, restaurantName, cityName) VALUES (2021, 10, 'The Chairman', 'Hong Kong');
INSERT INTO Restaurants (year, rank, restaurantName, cityName) VALUES (2021, 11, 'Den', 'Tokyo');
INSERT INTO Restaurants (year, rank, restaurantName, cityName) VALUES (2021, 12, 'Steirereck', 'Vienna');
INSERT INTO Restaurants (year, rank, restaurantName, cityName) VALUES (2021, 13, 'Don Julio', 'Buenos Aires');
INSERT INTO Restaurants (year, rank, restaurantName, cityName) VALUES (2021, 14, 'Mugaritz', 'San Sebastian');
INSERT INTO Restaurants (year, rank, restaurantName, cityName) VALUES (2021, 15, 'Lido 84', 'Gardone Riviera');
INSERT INTO Restaurants (year, rank, restaurantName, cityName) VALUES (2021, 16, 'Elkano', 'Getaria');
INSERT INTO Restaurants (year, rank, restaurantName, cityName) VALUES (2021, 17, 'A Casa do Porco', 'São Paulo');
INSERT INTO Restaurants (year, rank, restaurantName, cityName) VALUES (2021, 18, 'Piazza Duomo', 'Alba');
INSERT INTO Restaurants (year, rank, restaurantName, cityName) VALUES (2021, 19, 'Narisawa', 'Tokyo');
INSERT INTO Restaurants (year, rank, restaurantName, cityName) VALUES (2021, 20, 'DiverXO', 'Madrid');
INSERT INTO Restaurants (year, rank, restaurantName, cityName) VALUES (2021, 21, 'Hiša Franko', 'Kobarid');
INSERT INTO Restaurants (year, rank, restaurantName, cityName) VALUES (2021, 22, 'Cosme', 'New York');
INSERT INTO Restaurants (year, rank, restaurantName, cityName) VALUES (2021, 23, 'Arpège', 'Paris');
INSERT INTO Restaurants (year, rank, restaurantName, cityName) VALUES (2021, 24, 'Septime', 'Paris');
INSERT INTO Restaurants (year, rank, restaurantName, cityName) VALUES (2021, 25, 'White Rabbit', 'Moscow');
INSERT INTO Cities (cityName, countryName) VALUES ('Moscow', 'Russia');
INSERT INTO Countries (countryName) VALUES ('Russia');
INSERT INTO Restaurants (year, rank, restaurantName, cityName) VALUES (2021, 26, 'Le Calandre', 'Rubano');
INSERT INTO Restaurants (year, rank, restaurantName, cityName) VALUES (2021, 27, 'Quintonil', 'Mexico City');
INSERT INTO Restaurants (year, rank, restaurantName, cityName) VALUES (2021, 28, 'Benu', 'San Francisco');
INSERT INTO Cities (cityName, countryName) VALUES ('San Francisco', 'USA');
INSERT INTO Restaurants (year, rank, restaurantName, cityName) VALUES (2021, 29, 'Reale', 'Castel di Sangro');
INSERT INTO Restaurants (year, rank, restaurantName, cityName) VALUES (2021, 30, 'Twins Garden', 'Moscow');
INSERT INTO Restaurants (year, rank, restaurantName, cityName) VALUES (2021, 31, 'Restaurant Tim Raue', 'Berlin');
INSERT INTO Restaurants (year, rank, restaurantName, cityName) VALUES (2021, 32, 'The Clove Club', 'London');
INSERT INTO Restaurants (year, rank, restaurantName, cityName) VALUES (2021, 33, 'Lyles', 'London');
INSERT INTO Restaurants (year, rank, restaurantName, cityName) VALUES (2021, 34, 'Burnt Ends', 'Singapore');
INSERT INTO Restaurants (year, rank, restaurantName, cityName) VALUES (2021, 35, 'Ultraviolet by Paul Pairet', 'Shanghai');
INSERT INTO Cities (cityName, countryName) VALUES ('Shanghai', 'China');
INSERT INTO Restaurants (year, rank, restaurantName, cityName) VALUES (2021, 36, 'Hof Van Cleve', 'Kruishoutem');
INSERT INTO Restaurants (year, rank, restaurantName, cityName) VALUES (2021, 37, 'SingleThread', 'Healdsburg');
INSERT INTO Restaurants (year, rank, restaurantName, cityName) VALUES (2021, 38, 'Boragó', 'Santiago');
INSERT INTO Restaurants (year, rank, restaurantName, cityName) VALUES (2021, 39, 'Florilège', 'Tokyo');
INSERT INTO Restaurants (year, rank, restaurantName, cityName) VALUES (2021, 40, 'Sühring', 'Bangkok');
INSERT INTO Restaurants (year, rank, restaurantName, cityName) VALUES (2021, 41, 'Alléno Paris au Pavillon Ledoyen', 'Paris');
INSERT INTO Restaurants (year, rank, restaurantName, cityName) VALUES (2021, 42, 'Belcanto', 'Lisbon');
INSERT INTO Restaurants (year, rank, restaurantName, cityName) VALUES (2021, 43, 'Atomix', 'New York');
INSERT INTO Restaurants (year, rank, restaurantName, cityName) VALUES (2021, 44, 'Le Bernardin', 'New York');
INSERT INTO Restaurants (year, rank, restaurantName, cityName) VALUES (2021, 45, 'Nobelhart & Schmutzig', 'Berlin');
INSERT INTO Restaurants (year, rank, restaurantName, cityName) VALUES (2021, 46, 'Leo', 'Bogotá');
INSERT INTO Restaurants (year, rank, restaurantName, cityName) VALUES (2021, 47, 'Maaemo', 'Oslo');
INSERT INTO Cities (cityName, countryName) VALUES ('Oslo', 'Norway');
INSERT INTO Countries (countryName) VALUES ('Norway');
INSERT INTO Restaurants (year, rank, restaurantName, cityName) VALUES (2021, 48, 'Atelier Crenn', 'San Francisco');
INSERT INTO Restaurants (year, rank, restaurantName, cityName) VALUES (2021, 49, 'Azurmendi', 'Larrabetzu');
INSERT INTO Cities (cityName, countryName) VALUES ('Larrabetzu', 'Spain');
INSERT INTO Restaurants (year, rank, restaurantName, cityName) VALUES (2021, 50, 'Wolfgat', 'Paternoster');
INSERT INTO Cities (cityName, countryName) VALUES ('Paternoster', 'South Africa');
INSERT INTO Restaurants (year, rank, restaurantName, cityName) VALUES (2019, 1, 'Mirazur', 'Menton');
INSERT INTO Cities (cityName, countryName) VALUES ('Menton', 'France');
INSERT INTO Restaurants (year, rank, restaurantName, cityName) VALUES (2019, 2, 'Noma', 'Copenhagen');
INSERT INTO Restaurants (year, rank, restaurantName, cityName) VALUES (2019, 3, 'Asador Etxebarri', 'Axpe');
INSERT INTO Cities (cityName, countryName) VALUES ('Axpe', 'Spain');
INSERT INTO Restaurants (year, rank, restaurantName, cityName) VALUES (2019, 4, 'Gaggan', 'Bangkok');
INSERT INTO Restaurants (year, rank, restaurantName, cityName) VALUES (2019, 5, 'Geranium', 'Copenhagen');
INSERT INTO Restaurants (year, rank, restaurantName, cityName) VALUES (2019, 6, 'Central', 'Lima');
INSERT INTO Restaurants (year, rank, restaurantName, cityName) VALUES (2019, 7, 'Mugaritz', 'San Sebastián');
INSERT INTO Cities (cityName, countryName) VALUES ('San Sebastián', 'Spain');
INSERT INTO Restaurants (year, rank, restaurantName, cityName) VALUES (2019, 8, 'Arpège', 'Paris');
INSERT INTO Restaurants (year, rank, restaurantName, cityName) VALUES (2019, 9, 'Disfrutar', 'Barcelona');
INSERT INTO Restaurants (year, rank, restaurantName, cityName) VALUES (2019, 10, 'Maido', 'Lima');
INSERT INTO Restaurants (year, rank, restaurantName, cityName) VALUES (2019, 11, 'Den', 'Tokyo');
INSERT INTO Restaurants (year, rank, restaurantName, cityName) VALUES (2019, 12, 'Pujol', 'Mexico City');
INSERT INTO Restaurants (year, rank, restaurantName, cityName) VALUES (2019, 13, 'White Rabbit', 'Moscow');
INSERT INTO Restaurants (year, rank, restaurantName, cityName) VALUES (2019, 14, 'Azurmendi', 'Larrabetzu');
INSERT INTO Restaurants (year, rank, restaurantName, cityName) VALUES (2019, 15, 'Septime', 'Paris');
INSERT INTO Restaurants (year, rank, restaurantName, cityName) VALUES (2019, 16, 'Alain Ducasse au Plaza Athénée', 'Paris');
INSERT INTO Restaurants (year, rank, restaurantName, cityName) VALUES (2019, 17, 'Steirereck', 'Vienna');
INSERT INTO Restaurants (year, rank, restaurantName, cityName) VALUES (2019, 18, 'Odette', 'Singapore');
INSERT INTO Restaurants (year, rank, restaurantName, cityName) VALUES (2019, 19, 'Twins Garden', 'Moscow');
INSERT INTO Restaurants (year, rank, restaurantName, cityName) VALUES (2019, 20, 'Tickets', 'Barcelona');
INSERT INTO Restaurants (year, rank, restaurantName, cityName) VALUES (2019, 21, 'Frantzén', 'Stockholm');
INSERT INTO Restaurants (year, rank, restaurantName, cityName) VALUES (2019, 22, 'Narisawa', 'Tokyo');
INSERT INTO Restaurants (year, rank, restaurantName, cityName) VALUES (2019, 23, 'Cosme', 'New York');
INSERT INTO Restaurants (year, rank, restaurantName, cityName) VALUES (2019, 24, 'Quintonil', 'Mexico City');
INSERT INTO Restaurants (year, rank, restaurantName, cityName) VALUES (2019, 25, 'Alléno Paris au Pavillon Ledoyen', 'Paris');
INSERT INTO Restaurants (year, rank, restaurantName, cityName) VALUES (2019, 26, 'Boragó', 'Santiago');
INSERT INTO Restaurants (year, rank, restaurantName, cityName) VALUES (2019, 27, 'The Clove Club', 'London');
INSERT INTO Restaurants (year, rank, restaurantName, cityName) VALUES (2019, 28, 'Blue Hill at Stone Barns', 'Pocantico Hills');
INSERT INTO Cities (cityName, countryName) VALUES ('Pocantico Hills', 'USA');
INSERT INTO Restaurants (year, rank, restaurantName, cityName) VALUES (2019, 29, 'Piazza Duomo', 'Alba');
INSERT INTO Restaurants (year, rank, restaurantName, cityName) VALUES (2019, 30, 'Elkano', 'Getaria');
INSERT INTO Restaurants (year, rank, restaurantName, cityName) VALUES (2019, 31, 'Le Calandre', 'Rubano');
INSERT INTO Restaurants (year, rank, restaurantName, cityName) VALUES (2019, 32, 'Nerua Guggenheim Bilbao', 'Bilbao');
INSERT INTO Cities (cityName, countryName) VALUES ('Bilbao', 'Spain');
INSERT INTO Restaurants (year, rank, restaurantName, cityName) VALUES (2019, 33, 'Lyles', 'London');
INSERT INTO Restaurants (year, rank, restaurantName, cityName) VALUES (2019, 34, 'Don Julio', 'Buenos Aires');
INSERT INTO Restaurants (year, rank, restaurantName, cityName) VALUES (2019, 35, 'Atelier Crenn', 'San Francisco');
INSERT INTO Restaurants (year, rank, restaurantName, cityName) VALUES (2019, 36, 'Le Bernardin', 'New York');
INSERT INTO Restaurants (year, rank, restaurantName, cityName) VALUES (2019, 37, 'Alinea', 'Chicago');
INSERT INTO Cities (cityName, countryName) VALUES ('Chicago', 'USA');
INSERT INTO Restaurants (year, rank, restaurantName, cityName) VALUES (2019, 38, 'Hiša Franko', 'Kobarid');
INSERT INTO Restaurants (year, rank, restaurantName, cityName) VALUES (2019, 39, 'A Casa do Porco', 'São Paulo');
INSERT INTO Restaurants (year, rank, restaurantName, cityName) VALUES (2019, 40, 'Restaurant Tim Raue', 'Berlin');
INSERT INTO Restaurants (year, rank, restaurantName, cityName) VALUES (2019, 41, 'The Chairman', 'Hong Kong');
INSERT INTO Restaurants (year, rank, restaurantName, cityName) VALUES (2019, 42, 'Belcanto', 'Lisbon');
INSERT INTO Restaurants (year, rank, restaurantName, cityName) VALUES (2019, 43, 'Hof Van Cleve', 'Kruisem');
INSERT INTO Cities (cityName, countryName) VALUES ('Kruisem', 'Belgium');
INSERT INTO Restaurants (year, rank, restaurantName, cityName) VALUES (2019, 44, 'The Test Kitchen', 'Cape Town');
INSERT INTO Restaurants (year, rank, restaurantName, cityName) VALUES (2019, 45, 'Sühring', 'Bangkok');
INSERT INTO Restaurants (year, rank, restaurantName, cityName) VALUES (2019, 46, 'De Librije', 'Zwolle');
INSERT INTO Cities (cityName, countryName) VALUES ('Zwolle', 'Netherlands');
INSERT INTO Countries (countryName) VALUES ('Netherlands');
INSERT INTO Restaurants (year, rank, restaurantName, cityName) VALUES (2019, 47, 'Benu', 'San Francisco');
INSERT INTO Restaurants (year, rank, restaurantName, cityName) VALUES (2019, 48, 'Ultraviolet by Paul Pairet', 'Shanghai');
INSERT INTO Restaurants (year, rank, restaurantName, cityName) VALUES (2019, 49, 'Leo', 'Bogotá');
INSERT INTO Restaurants (year, rank, restaurantName, cityName) VALUES (2019, 50, 'Schloss Schauenstein', 'Fürstenau');
INSERT INTO Restaurants (year, rank, restaurantName, cityName) VALUES (2018, 1, 'Osteria Francescana', 'Modena');
INSERT INTO Cities (cityName, countryName) VALUES ('Modena', 'Italy');
INSERT INTO Restaurants (year, rank, restaurantName, cityName) VALUES (2018, 2, 'El Celler de Can Roca', 'Girona');
INSERT INTO Cities (cityName, countryName) VALUES ('Girona', 'Spain');
INSERT INTO Restaurants (year, rank, restaurantName, cityName) VALUES (2018, 3, 'Mirazur', 'Menton');
INSERT INTO Restaurants (year, rank, restaurantName, cityName) VALUES (2018, 4, 'Eleven Madison Park', 'New York');
INSERT INTO Restaurants (year, rank, restaurantName, cityName) VALUES (2018, 5, 'Gaggan', 'Bangkok');
INSERT INTO Restaurants (year, rank, restaurantName, cityName) VALUES (2018, 6, 'Central', 'Lima');
INSERT INTO Restaurants (year, rank, restaurantName, cityName) VALUES (2018, 7, 'Maido', 'Lima');
INSERT INTO Restaurants (year, rank, restaurantName, cityName) VALUES (2018, 8, 'Arpège', 'Paris');
INSERT INTO Restaurants (year, rank, restaurantName, cityName) VALUES (2018, 9, 'Mugaritz', 'San Sebastian');
INSERT INTO Restaurants (year, rank, restaurantName, cityName) VALUES (2018, 10, 'Asador Etxebarri', 'Axpe');
INSERT INTO Restaurants (year, rank, restaurantName, cityName) VALUES (2018, 11, 'Quintonil', 'Mexico City');
INSERT INTO Restaurants (year, rank, restaurantName, cityName) VALUES (2018, 12, 'Blue Hill at Stone Barns', 'Pocantico Hills');
INSERT INTO Restaurants (year, rank, restaurantName, cityName) VALUES (2018, 13, 'Pujol', 'Mexico City');
INSERT INTO Restaurants (year, rank, restaurantName, cityName) VALUES (2018, 14, 'Steirereck', 'Vienna');
INSERT INTO Restaurants (year, rank, restaurantName, cityName) VALUES (2018, 15, 'White Rabbit', 'Moscow');
INSERT INTO Restaurants (year, rank, restaurantName, cityName) VALUES (2018, 16, 'Piazza Duomo', 'Alba');
INSERT INTO Restaurants (year, rank, restaurantName, cityName) VALUES (2018, 17, 'Den', 'Tokyo');
INSERT INTO Restaurants (year, rank, restaurantName, cityName) VALUES (2018, 18, 'Disfrutar', 'Barcelona');
INSERT INTO Restaurants (year, rank, restaurantName, cityName) VALUES (2018, 19, 'Geranium', 'Copenhagen');
INSERT INTO Restaurants (year, rank, restaurantName, cityName) VALUES (2018, 20, 'Attica', 'Melbourne');
INSERT INTO Cities (cityName, countryName) VALUES ('Melbourne', 'Australia');
INSERT INTO Countries (countryName) VALUES ('Australia');
INSERT INTO Restaurants (year, rank, restaurantName, cityName) VALUES (2018, 21, 'Alain Ducasse au Plaza Athénée', 'Paris');
INSERT INTO Restaurants (year, rank, restaurantName, cityName) VALUES (2018, 22, 'Narisawa', 'Tokyo');
INSERT INTO Restaurants (year, rank, restaurantName, cityName) VALUES (2018, 23, 'Le Calandre', 'Rubano');
INSERT INTO Restaurants (year, rank, restaurantName, cityName) VALUES (2018, 24, 'Ultraviolet by Paul Pairet', 'Shanghai');
INSERT INTO Restaurants (year, rank, restaurantName, cityName) VALUES (2018, 25, 'Cosme', 'New York');
INSERT INTO Restaurants (year, rank, restaurantName, cityName) VALUES (2018, 26, 'Le Bernardin', 'New York');
INSERT INTO Restaurants (year, rank, restaurantName, cityName) VALUES (2018, 27, 'Boragó', 'Santiago');
INSERT INTO Restaurants (year, rank, restaurantName, cityName) VALUES (2018, 28, 'Odette', 'Singapore');
INSERT INTO Restaurants (year, rank, restaurantName, cityName) VALUES (2018, 29, 'Alléno Paris au Pavillon Ledoyen', 'Paris');
INSERT INTO Restaurants (year, rank, restaurantName, cityName) VALUES (2018, 30, 'D.O.M', 'São Paulo');
INSERT INTO Restaurants (year, rank, restaurantName, cityName) VALUES (2018, 31, 'Arzak', 'San Sebastian');
INSERT INTO Restaurants (year, rank, restaurantName, cityName) VALUES (2018, 32, 'Tickets', 'Barcelona');
INSERT INTO Restaurants (year, rank, restaurantName, cityName) VALUES (2018, 33, 'The Clove Club', 'London');
INSERT INTO Restaurants (year, rank, restaurantName, cityName) VALUES (2018, 34, 'Alinea', 'Chicago');
INSERT INTO Restaurants (year, rank, restaurantName, cityName) VALUES (2018, 35, 'Maaemo', 'Oslo');
INSERT INTO Restaurants (year, rank, restaurantName, cityName) VALUES (2018, 36, 'Reale', 'Castel di Sangro');
INSERT INTO Restaurants (year, rank, restaurantName, cityName) VALUES (2018, 37, 'Restaurant Tim Raue', 'Berlin');
INSERT INTO Restaurants (year, rank, restaurantName, cityName) VALUES (2018, 38, 'Lyles', 'London');
INSERT INTO Restaurants (year, rank, restaurantName, cityName) VALUES (2018, 39, 'Astrid y Gastón', 'Lima');
INSERT INTO Restaurants (year, rank, restaurantName, cityName) VALUES (2018, 40, 'Septime', 'Paris');
INSERT INTO Restaurants (year, rank, restaurantName, cityName) VALUES (2018, 41, 'Nihonryori Ryugin', 'Tokyo');
INSERT INTO Restaurants (year, rank, restaurantName, cityName) VALUES (2018, 42, 'The Ledbury', 'London');
INSERT INTO Restaurants (year, rank, restaurantName, cityName) VALUES (2018, 43, 'Azurmendi', 'Larrabetzu');
INSERT INTO Restaurants (year, rank, restaurantName, cityName) VALUES (2018, 44, 'Mikla', 'Istanbul');
INSERT INTO Cities (cityName, countryName) VALUES ('Istanbul', 'Turkey');
INSERT INTO Countries (countryName) VALUES ('Turkey');
INSERT INTO Restaurants (year, rank, restaurantName, cityName) VALUES (2018, 45, 'Dinner by Heston Blumenthal', 'London');
INSERT INTO Restaurants (year, rank, restaurantName, cityName) VALUES (2018, 46, 'Saison', 'San Francisco');
INSERT INTO Restaurants (year, rank, restaurantName, cityName) VALUES (2018, 47, 'Schloss Schauenstein', 'Fürstenau');
INSERT INTO Restaurants (year, rank, restaurantName, cityName) VALUES (2018, 48, 'Hiša Franko', 'Kobarid');
INSERT INTO Restaurants (year, rank, restaurantName, cityName) VALUES (2018, 49, 'Nahm', 'Bangkok');
INSERT INTO Restaurants (year, rank, restaurantName, cityName) VALUES (2018, 50, 'The Test Kitchen', 'Cape Town');
INSERT INTO Restaurants (year, rank, restaurantName, cityName) VALUES (2017, 1, 'Eleven Madison Park', 'New York');
INSERT INTO Restaurants (year, rank, restaurantName, cityName) VALUES (2017, 2, 'Osteria Francescana', 'Modena');
INSERT INTO Restaurants (year, rank, restaurantName, cityName) VALUES (2017, 3, 'El Celler de Can Roca', 'Girona');
INSERT INTO Restaurants (year, rank, restaurantName, cityName) VALUES (2017, 4, 'Mirazur', 'Menton');
INSERT INTO Restaurants (year, rank, restaurantName, cityName) VALUES (2017, 5, 'Central', 'Lima');
INSERT INTO Restaurants (year, rank, restaurantName, cityName) VALUES (2017, 6, 'Asador Etxebarri', 'Axpe');
INSERT INTO Restaurants (year, rank, restaurantName, cityName) VALUES (2017, 7, 'Gaggan', 'Bangkok');
INSERT INTO Restaurants (year, rank, restaurantName, cityName) VALUES (2017, 8, 'Maido', 'Lima');
INSERT INTO Restaurants (year, rank, restaurantName, cityName) VALUES (2017, 9, 'Mugaritz', 'San Sebastian');
INSERT INTO Restaurants (year, rank, restaurantName, cityName) VALUES (2017, 10, 'Steirereck', 'Vienna');
INSERT INTO Restaurants (year, rank, restaurantName, cityName) VALUES (2017, 11, 'Blue Hill at Stone Barns', 'Pocantico Hills');
INSERT INTO Restaurants (year, rank, restaurantName, cityName) VALUES (2017, 12, 'Arpège', 'Paris');
INSERT INTO Restaurants (year, rank, restaurantName, cityName) VALUES (2017, 13, 'Alain Ducasse au Plaza Athénée', 'Paris');
INSERT INTO Restaurants (year, rank, restaurantName, cityName) VALUES (2017, 14, 'Restaurant André', 'Singapore');
INSERT INTO Restaurants (year, rank, restaurantName, cityName) VALUES (2017, 15, 'Piazza Duomo', 'Alba');
INSERT INTO Restaurants (year, rank, restaurantName, cityName) VALUES (2017, 16, 'D.O.M.', 'Sao Paulo');
INSERT INTO Cities (cityName, countryName) VALUES ('Sao Paulo', 'Brazil');
INSERT INTO Restaurants (year, rank, restaurantName, cityName) VALUES (2017, 17, 'Le Bernardin', 'New York');
INSERT INTO Restaurants (year, rank, restaurantName, cityName) VALUES (2017, 18, 'Narisawa', 'Tokyo');
INSERT INTO Restaurants (year, rank, restaurantName, cityName) VALUES (2017, 19, 'Geranium', 'Copenhagen');
INSERT INTO Restaurants (year, rank, restaurantName, cityName) VALUES (2017, 20, 'Pujol', 'Mexico City');
INSERT INTO Restaurants (year, rank, restaurantName, cityName) VALUES (2017, 21, 'Alinea', 'Chicago');
INSERT INTO Restaurants (year, rank, restaurantName, cityName) VALUES (2017, 22, 'Quintonil', 'Mexico City');
INSERT INTO Restaurants (year, rank, restaurantName, cityName) VALUES (2017, 23, 'White Rabbit', 'Moscow');
INSERT INTO Restaurants (year, rank, restaurantName, cityName) VALUES (2017, 24, 'Amber', 'Hong Kong');
INSERT INTO Restaurants (year, rank, restaurantName, cityName) VALUES (2017, 25, 'Tickets', 'Barcelona');
INSERT INTO Restaurants (year, rank, restaurantName, cityName) VALUES (2017, 26, 'The Clove Club', 'London');
INSERT INTO Restaurants (year, rank, restaurantName, cityName) VALUES (2017, 27, 'The Ledbury', 'London');
INSERT INTO Restaurants (year, rank, restaurantName, cityName) VALUES (2017, 28, 'Nahm', 'Bangkok');
INSERT INTO Restaurants (year, rank, restaurantName, cityName) VALUES (2017, 29, 'Le Calandre', 'Rubano');
INSERT INTO Restaurants (year, rank, restaurantName, cityName) VALUES (2017, 30, 'Arzak', 'San Sebastian');
INSERT INTO Restaurants (year, rank, restaurantName, cityName) VALUES (2017, 31, 'Alléno Paris au Pavillon Ledoyen', 'Paris');
INSERT INTO Restaurants (year, rank, restaurantName, cityName) VALUES (2017, 32, 'Attica', 'Melbourne');
INSERT INTO Restaurants (year, rank, restaurantName, cityName) VALUES (2017, 33, 'Astrid y Gastón', 'Lima');
INSERT INTO Restaurants (year, rank, restaurantName, cityName) VALUES (2017, 34, 'De Librije', 'Zwolle');
INSERT INTO Restaurants (year, rank, restaurantName, cityName) VALUES (2017, 35, 'Septime', 'Paris');
INSERT INTO Restaurants (year, rank, restaurantName, cityName) VALUES (2017, 36, 'Dinner by Heston Blumenthal', 'London');
INSERT INTO Restaurants (year, rank, restaurantName, cityName) VALUES (2017, 37, 'Saison', 'San Francisco');
INSERT INTO Restaurants (year, rank, restaurantName, cityName) VALUES (2017, 38, 'Azurmendi', 'Larrabetzu');
INSERT INTO Restaurants (year, rank, restaurantName, cityName) VALUES (2017, 39, 'Relae', 'Copenhagen');
INSERT INTO Restaurants (year, rank, restaurantName, cityName) VALUES (2017, 40, 'Cosme', 'New York');
INSERT INTO Restaurants (year, rank, restaurantName, cityName) VALUES (2017, 41, 'Ultraviolet by Paul Pairet', 'Shanghai');
INSERT INTO Restaurants (year, rank, restaurantName, cityName) VALUES (2017, 42, 'Boragó', 'Santiago');
INSERT INTO Restaurants (year, rank, restaurantName, cityName) VALUES (2017, 43, 'Reale', 'Castel di Sangro');
INSERT INTO Restaurants (year, rank, restaurantName, cityName) VALUES (2017, 44, 'Brae', 'Birregurra');
INSERT INTO Cities (cityName, countryName) VALUES ('Birregurra', 'Australia');
INSERT INTO Restaurants (year, rank, restaurantName, cityName) VALUES (2017, 45, 'Den', 'Tokyo');
INSERT INTO Restaurants (year, rank, restaurantName, cityName) VALUES (2017, 46, 'LAstrance', 'Paris');
INSERT INTO Restaurants (year, rank, restaurantName, cityName) VALUES (2017, 47, 'Vendôme', 'Bergisch Gladbach');
INSERT INTO Cities (cityName, countryName) VALUES ('Bergisch Gladbach', 'Germany');
INSERT INTO Restaurants (year, rank, restaurantName, cityName) VALUES (2017, 48, 'Restaurant Tim Raue', 'Berlin');
INSERT INTO Restaurants (year, rank, restaurantName, cityName) VALUES (2017, 49, 'Tegui', 'Buenos Aires');
INSERT INTO Restaurants (year, rank, restaurantName, cityName) VALUES (2017, 50, 'Hof Van Cleve', 'Kruishoutem');
INSERT INTO Restaurants (year, rank, restaurantName, cityName) VALUES (2016, 1, 'Osteria Francescana', 'Modena');
INSERT INTO Restaurants (year, rank, restaurantName, cityName) VALUES (2016, 2, 'El Celler de Can Roca', 'Girona');
INSERT INTO Restaurants (year, rank, restaurantName, cityName) VALUES (2016, 3, 'Eleven Madison Park', 'New York');
INSERT INTO Restaurants (year, rank, restaurantName, cityName) VALUES (2016, 4, 'Central', 'Lima');
INSERT INTO Restaurants (year, rank, restaurantName, cityName) VALUES (2016, 5, 'Noma', 'Copenhagen');
INSERT INTO Restaurants (year, rank, restaurantName, cityName) VALUES (2016, 6, 'Mirazur', 'Menton');
INSERT INTO Restaurants (year, rank, restaurantName, cityName) VALUES (2016, 7, 'Mugaritz', 'San Sebastian');
INSERT INTO Restaurants (year, rank, restaurantName, cityName) VALUES (2016, 8, 'Narisawa', 'Tokyo');
INSERT INTO Restaurants (year, rank, restaurantName, cityName) VALUES (2016, 9, 'Steirereck', 'Vienna');
INSERT INTO Restaurants (year, rank, restaurantName, cityName) VALUES (2016, 10, 'Asador Etxebarri', 'Axpe');
INSERT INTO Restaurants (year, rank, restaurantName, cityName) VALUES (2016, 11, 'D.O.M.', 'Sao Paulo');
INSERT INTO Restaurants (year, rank, restaurantName, cityName) VALUES (2016, 12, 'Quintonil', 'Mexico City');
INSERT INTO Restaurants (year, rank, restaurantName, cityName) VALUES (2016, 13, 'Maido', 'Lima');
INSERT INTO Restaurants (year, rank, restaurantName, cityName) VALUES (2016, 14, 'The Ledbury', 'London');
INSERT INTO Restaurants (year, rank, restaurantName, cityName) VALUES (2016, 15, 'Alinea', 'Chicago');
INSERT INTO Restaurants (year, rank, restaurantName, cityName) VALUES (2016, 16, 'Azurmendi', 'Larrabetzu');
INSERT INTO Restaurants (year, rank, restaurantName, cityName) VALUES (2016, 17, 'Piazza Duomo', 'Alba');
INSERT INTO Restaurants (year, rank, restaurantName, cityName) VALUES (2016, 19, 'Arpège', 'Paris');
INSERT INTO Restaurants (year, rank, restaurantName, cityName) VALUES (2016, 20, 'Amber', 'Hong Kong');
INSERT INTO Restaurants (year, rank, restaurantName, cityName) VALUES (2016, 21, 'Arzak', 'San Sebastian');
INSERT INTO Restaurants (year, rank, restaurantName, cityName) VALUES (2016, 22, 'The Test Kitchen', 'Cape Town');
INSERT INTO Restaurants (year, rank, restaurantName, cityName) VALUES (2016, 22, 'Nahm', 'Bangkok');
INSERT INTO Restaurants (year, rank, restaurantName, cityName) VALUES (2016, 23, 'White Rabbit', 'Moscow');
INSERT INTO Restaurants (year, rank, restaurantName, cityName) VALUES (2016, 23, 'Gaggan', 'Bangkok');
INSERT INTO Restaurants (year, rank, restaurantName, cityName) VALUES (2016, 24, 'Le Bernardin', 'New York');
INSERT INTO Restaurants (year, rank, restaurantName, cityName) VALUES (2016, 25, 'Pujol', 'Mexico City');
INSERT INTO Restaurants (year, rank, restaurantName, cityName) VALUES (2016, 26, 'The Clove Club', 'London');
INSERT INTO Restaurants (year, rank, restaurantName, cityName) VALUES (2016, 27, 'Saison', 'San Francisco');
INSERT INTO Restaurants (year, rank, restaurantName, cityName) VALUES (2016, 28, 'Geranium', 'Copenhagen');
INSERT INTO Restaurants (year, rank, restaurantName, cityName) VALUES (2016, 29, 'Tickets', 'Barcelona');
INSERT INTO Restaurants (year, rank, restaurantName, cityName) VALUES (2016, 30, 'Astrid y Gastón', 'Lima');
INSERT INTO Restaurants (year, rank, restaurantName, cityName) VALUES (2016, 31, 'Nihonryori Ryugin', 'Tokyo');
INSERT INTO Restaurants (year, rank, restaurantName, cityName) VALUES (2016, 32, 'Restaurant André', 'Singapore');
INSERT INTO Restaurants (year, rank, restaurantName, cityName) VALUES (2016, 33, 'Attica', 'Melbourne');
INSERT INTO Restaurants (year, rank, restaurantName, cityName) VALUES (2016, 34, 'Restaurant Tim Raue', 'Berlin');
INSERT INTO Restaurants (year, rank, restaurantName, cityName) VALUES (2016, 35, 'Vendôme', 'Bergisch Gladbach');
INSERT INTO Restaurants (year, rank, restaurantName, cityName) VALUES (2016, 36, 'Boragó', 'Santiago');
INSERT INTO Restaurants (year, rank, restaurantName, cityName) VALUES (2016, 38, 'De Librije', 'Zwolle');
INSERT INTO Restaurants (year, rank, restaurantName, cityName) VALUES (2016, 39, 'Le Calandre', 'Rubano');
INSERT INTO Restaurants (year, rank, restaurantName, cityName) VALUES (2016, 40, 'Relae', 'Copenhagen');
INSERT INTO Restaurants (year, rank, restaurantName, cityName) VALUES (2016, 41, 'Fäviken', 'Järpen');
INSERT INTO Cities (cityName, countryName) VALUES ('Järpen', 'Sweden');
INSERT INTO Restaurants (year, rank, restaurantName, cityName) VALUES (2016, 42, 'Ultraviolet by Paul Pairet', 'Shanghai');
INSERT INTO Restaurants (year, rank, restaurantName, cityName) VALUES (2016, 43, 'Biko', 'Mexico City');
INSERT INTO Restaurants (year, rank, restaurantName, cityName) VALUES (2016, 44, 'Estela', 'New York');
INSERT INTO Restaurants (year, rank, restaurantName, cityName) VALUES (2016, 45, 'Dinner by Heston Blumenthal', 'London');
INSERT INTO Restaurants (year, rank, restaurantName, cityName) VALUES (2016, 46, 'Combal Zero', 'Rivoli');
INSERT INTO Cities (cityName, countryName) VALUES ('Rivoli', 'Italy');
INSERT INTO Restaurants (year, rank, restaurantName, cityName) VALUES (2016, 47, 'Schloss Schauenstein', 'Fürstenau');
INSERT INTO Restaurants (year, rank, restaurantName, cityName) VALUES (2016, 48, 'Blue Hill at Stone Barns', 'Pocantico Hills');
INSERT INTO Restaurants (year, rank, restaurantName, cityName) VALUES (2016, 49, 'Quique Dacosta', 'Denia');
INSERT INTO Cities (cityName, countryName) VALUES ('Denia', 'Spain');
INSERT INTO Restaurants (year, rank, restaurantName, cityName) VALUES (2016, 50, 'Septime', 'Paris');
INSERT INTO Restaurants (year, rank, restaurantName, cityName) VALUES (2015, 1, 'El Celler de Can Roca', 'Girona');
INSERT INTO Restaurants (year, rank, restaurantName, cityName) VALUES (2015, 2, 'Osteria Francescana', 'Modena');
INSERT INTO Restaurants (year, rank, restaurantName, cityName) VALUES (2015, 3, 'Noma', 'Copenhagen');
INSERT INTO Restaurants (year, rank, restaurantName, cityName) VALUES (2015, 4, 'Central', 'Lima');
INSERT INTO Restaurants (year, rank, restaurantName, cityName) VALUES (2015, 5, 'Eleven Madison Park', 'New York');
INSERT INTO Restaurants (year, rank, restaurantName, cityName) VALUES (2015, 6, 'Mugaritz', 'San Sebastian');
INSERT INTO Restaurants (year, rank, restaurantName, cityName) VALUES (2015, 7, 'Dinner by Heston Blumenthal', 'London');
INSERT INTO Restaurants (year, rank, restaurantName, cityName) VALUES (2015, 8, 'Narisawa', 'Tokyo');
INSERT INTO Restaurants (year, rank, restaurantName, cityName) VALUES (2015, 9, 'D.O.M.', 'Sao Paulo');
INSERT INTO Restaurants (year, rank, restaurantName, cityName) VALUES (2015, 10, 'Gaggan', 'Bangkok');
INSERT INTO Restaurants (year, rank, restaurantName, cityName) VALUES (2015, 11, 'Mirazur', 'Menton');
INSERT INTO Restaurants (year, rank, restaurantName, cityName) VALUES (2015, 12, 'Arpège', 'Paris');
INSERT INTO Restaurants (year, rank, restaurantName, cityName) VALUES (2015, 13, 'Asador Etxebarri', 'Axpe');
INSERT INTO Restaurants (year, rank, restaurantName, cityName) VALUES (2015, 14, 'Astrid y Gastón', 'Lima');
INSERT INTO Restaurants (year, rank, restaurantName, cityName) VALUES (2015, 15, 'Steirereck', 'Vienna');
INSERT INTO Restaurants (year, rank, restaurantName, cityName) VALUES (2015, 16, 'Pujol', 'Mexico City');
INSERT INTO Restaurants (year, rank, restaurantName, cityName) VALUES (2015, 17, 'Arzak', 'San Sebastian');
INSERT INTO Restaurants (year, rank, restaurantName, cityName) VALUES (2015, 18, 'Le Bernardin', 'New York');
INSERT INTO Restaurants (year, rank, restaurantName, cityName) VALUES (2015, 19, 'Azurmendi', 'Larrabetzu');
INSERT INTO Restaurants (year, rank, restaurantName, cityName) VALUES (2015, 20, 'The Ledbury', 'London');
INSERT INTO Restaurants (year, rank, restaurantName, cityName) VALUES (2015, 21, 'Le Chateaubriand', 'Paris');
INSERT INTO Restaurants (year, rank, restaurantName, cityName) VALUES (2015, 22, 'Nahm', 'Bangkok');
INSERT INTO Restaurants (year, rank, restaurantName, cityName) VALUES (2015, 23, 'White Rabbit', 'Moscow');
INSERT INTO Restaurants (year, rank, restaurantName, cityName) VALUES (2015, 24, 'Ultraviolet by Paul Pairet', 'Shanghai');
INSERT INTO Restaurants (year, rank, restaurantName, cityName) VALUES (2015, 25, 'Fäviken', 'Järpen');
INSERT INTO Restaurants (year, rank, restaurantName, cityName) VALUES (2015, 26, 'Alinea', 'Chicago');
INSERT INTO Restaurants (year, rank, restaurantName, cityName) VALUES (2015, 27, 'Piazza Duomo', 'Alba');
INSERT INTO Restaurants (year, rank, restaurantName, cityName) VALUES (2015, 28, 'The Test Kitchen', 'Cape Town');
INSERT INTO Restaurants (year, rank, restaurantName, cityName) VALUES (2015, 29, 'Nihonryori Ryugin', 'Tokyo');
INSERT INTO Restaurants (year, rank, restaurantName, cityName) VALUES (2015, 30, 'Vendôme', 'Bergisch Gladbach');
INSERT INTO Restaurants (year, rank, restaurantName, cityName) VALUES (2015, 31, 'Restaurant Frantzén', 'Stockholm');
INSERT INTO Restaurants (year, rank, restaurantName, cityName) VALUES (2015, 32, 'Attica', 'Melbourne');
INSERT INTO Restaurants (year, rank, restaurantName, cityName) VALUES (2015, 33, 'Aqua', 'Wolfsburg');
INSERT INTO Cities (cityName, countryName) VALUES ('Wolfsburg', 'Germany');
INSERT INTO Restaurants (year, rank, restaurantName, cityName) VALUES (2015, 34, 'Le Calandre', 'Rubano');
INSERT INTO Restaurants (year, rank, restaurantName, cityName) VALUES (2015, 35, 'Quintonil', 'Mexico City');
INSERT INTO Restaurants (year, rank, restaurantName, cityName) VALUES (2015, 36, 'LAstrance', 'Paris');
INSERT INTO Restaurants (year, rank, restaurantName, cityName) VALUES (2015, 37, 'Biko', 'Mexico City');
INSERT INTO Restaurants (year, rank, restaurantName, cityName) VALUES (2015, 38, 'Amber', 'Hong Kong');
INSERT INTO Restaurants (year, rank, restaurantName, cityName) VALUES (2015, 39, 'Quique Dacosta', 'Denia');
INSERT INTO Restaurants (year, rank, restaurantName, cityName) VALUES (2015, 40, 'Per Se', 'New York');
INSERT INTO Restaurants (year, rank, restaurantName, cityName) VALUES (2015, 41, 'Maní', 'São Paulo');
INSERT INTO Restaurants (year, rank, restaurantName, cityName) VALUES (2015, 42, 'Boragó', 'Santiago');
INSERT INTO Restaurants (year, rank, restaurantName, cityName) VALUES (2015, 43, 'Tickets', 'Barcelona');
INSERT INTO Restaurants (year, rank, restaurantName, cityName) VALUES (2015, 44, 'Maido', 'Lima');
INSERT INTO Restaurants (year, rank, restaurantName, cityName) VALUES (2015, 45, 'Relae', 'Copenhagen');
INSERT INTO Restaurants (year, rank, restaurantName, cityName) VALUES (2015, 46, 'Restaurant André', 'Singapore');
INSERT INTO Restaurants (year, rank, restaurantName, cityName) VALUES (2015, 47, 'Alain Ducasse au Plaza Athénée', 'Paris');
INSERT INTO Restaurants (year, rank, restaurantName, cityName) VALUES (2015, 48, 'Schloss Schauenstein', 'Fürstenau');
INSERT INTO Restaurants (year, rank, restaurantName, cityName) VALUES (2015, 49, 'Blue Hill at Stone Barns', 'Pocantico Hills');
INSERT INTO Restaurants (year, rank, restaurantName, cityName) VALUES (2015, 50, 'The French Laundry', 'Yountville');
INSERT INTO Cities (cityName, countryName) VALUES ('Yountville', 'USA');
INSERT INTO Restaurants (year, rank, restaurantName, cityName) VALUES (2014, 1, 'Noma', 'Copenhagen');
INSERT INTO Restaurants (year, rank, restaurantName, cityName) VALUES (2014, 2, 'El Celler de Can Roca', 'Girona');
INSERT INTO Restaurants (year, rank, restaurantName, cityName) VALUES (2014, 3, 'Osteria Francescana', 'Modena');
INSERT INTO Restaurants (year, rank, restaurantName, cityName) VALUES (2014, 4, 'Eleven Madison Park', 'New York');
INSERT INTO Restaurants (year, rank, restaurantName, cityName) VALUES (2014, 5, 'Dinner by Heston Blumenthal', 'London');
INSERT INTO Restaurants (year, rank, restaurantName, cityName) VALUES (2014, 6, 'Mugaritz', 'San Sebastian');
INSERT INTO Restaurants (year, rank, restaurantName, cityName) VALUES (2014, 7, 'D.O.M.', 'Sao Paulo');
INSERT INTO Restaurants (year, rank, restaurantName, cityName) VALUES (2014, 8, 'Arzak', 'San Sebastian');
INSERT INTO Restaurants (year, rank, restaurantName, cityName) VALUES (2014, 9, 'Alinea', 'Chicago');
INSERT INTO Restaurants (year, rank, restaurantName, cityName) VALUES (2014, 10, 'The Ledbury', 'London');
INSERT INTO Restaurants (year, rank, restaurantName, cityName) VALUES (2014, 11, 'Mirazur', 'Menton');
INSERT INTO Restaurants (year, rank, restaurantName, cityName) VALUES (2014, 12, 'Vendôme', 'Bergisch Gladbach');
INSERT INTO Restaurants (year, rank, restaurantName, cityName) VALUES (2014, 13, 'Nahm', 'Bangkok');
INSERT INTO Restaurants (year, rank, restaurantName, cityName) VALUES (2014, 14, 'Narisawa', 'Tokyo');
INSERT INTO Restaurants (year, rank, restaurantName, cityName) VALUES (2014, 15, 'Central', 'Lima');
INSERT INTO Restaurants (year, rank, restaurantName, cityName) VALUES (2014, 16, 'Steirereck', 'Vienna');
INSERT INTO Restaurants (year, rank, restaurantName, cityName) VALUES (2014, 17, 'Gaggan', 'Bangkok');
INSERT INTO Restaurants (year, rank, restaurantName, cityName) VALUES (2014, 18, 'Astrid y Gastón', 'Lima');
INSERT INTO Restaurants (year, rank, restaurantName, cityName) VALUES (2014, 19, 'Fäviken', 'Järpen');
INSERT INTO Restaurants (year, rank, restaurantName, cityName) VALUES (2014, 20, 'Pujol', 'Mexico City');
INSERT INTO Restaurants (year, rank, restaurantName, cityName) VALUES (2014, 21, 'Le Bernardin', 'New York');
INSERT INTO Restaurants (year, rank, restaurantName, cityName) VALUES (2014, 22, 'Vila Joya', 'Albufeira');
INSERT INTO Cities (cityName, countryName) VALUES ('Albufeira', 'Portugal');
INSERT INTO Restaurants (year, rank, restaurantName, cityName) VALUES (2014, 23, 'Restaurant Frantzén', 'Stockholm');
INSERT INTO Restaurants (year, rank, restaurantName, cityName) VALUES (2014, 24, 'Amber', 'Hong Kong');
INSERT INTO Restaurants (year, rank, restaurantName, cityName) VALUES (2014, 25, 'Arpège', 'Paris');
INSERT INTO Restaurants (year, rank, restaurantName, cityName) VALUES (2014, 26, 'Azurmendi', 'Larrabetzu');
INSERT INTO Restaurants (year, rank, restaurantName, cityName) VALUES (2014, 27, 'Le Chateaubriand', 'Paris');
INSERT INTO Restaurants (year, rank, restaurantName, cityName) VALUES (2014, 28, 'Aqua', 'Wolfsburg');
INSERT INTO Restaurants (year, rank, restaurantName, cityName) VALUES (2014, 29, 'De Librije', 'Zwolle');
INSERT INTO Restaurants (year, rank, restaurantName, cityName) VALUES (2014, 30, 'Per Se', 'New York');
INSERT INTO Restaurants (year, rank, restaurantName, cityName) VALUES (2014, 31, 'LAtelier Saint Germain De Joël Robuchon', 'Paris');
INSERT INTO Restaurants (year, rank, restaurantName, cityName) VALUES (2014, 32, 'Attica', 'Melbourne');
INSERT INTO Restaurants (year, rank, restaurantName, cityName) VALUES (2014, 33, 'Nihonryori Ryugin', 'Tokyo');
INSERT INTO Restaurants (year, rank, restaurantName, cityName) VALUES (2014, 34, 'Asador Etxebarri', 'Axpe');
INSERT INTO Restaurants (year, rank, restaurantName, cityName) VALUES (2014, 35, 'Martín Berasategui', 'Lasarte-Oria');
INSERT INTO Cities (cityName, countryName) VALUES ('Lasarte-Oria', 'Spain');
INSERT INTO Restaurants (year, rank, restaurantName, cityName) VALUES (2014, 36, 'Maní', 'São Paulo');
INSERT INTO Restaurants (year, rank, restaurantName, cityName) VALUES (2014, 37, 'Restaurant André', 'Singapore');
INSERT INTO Restaurants (year, rank, restaurantName, cityName) VALUES (2014, 38, 'LAstrance', 'Paris');
INSERT INTO Restaurants (year, rank, restaurantName, cityName) VALUES (2014, 39, 'Piazza Duomo', 'Alba');
INSERT INTO Restaurants (year, rank, restaurantName, cityName) VALUES (2014, 40, 'Daniel', 'New York');
INSERT INTO Restaurants (year, rank, restaurantName, cityName) VALUES (2014, 41, 'Quique Dacosta', 'Denia');
INSERT INTO Restaurants (year, rank, restaurantName, cityName) VALUES (2014, 42, 'Geranium', 'Copenhagen');
INSERT INTO Restaurants (year, rank, restaurantName, cityName) VALUES (2014, 43, 'Schloss Schauenstein', 'Fürstenau');
INSERT INTO Restaurants (year, rank, restaurantName, cityName) VALUES (2014, 44, 'The French Laundry', 'Yountville');
INSERT INTO Restaurants (year, rank, restaurantName, cityName) VALUES (2014, 45, 'Hof van Cleve', 'Kruishoutem');
INSERT INTO Restaurants (year, rank, restaurantName, cityName) VALUES (2014, 46, 'Le Calandre', 'Rubano');
INSERT INTO Restaurants (year, rank, restaurantName, cityName) VALUES (2014, 47, 'The Fat Duck', 'Bray');
INSERT INTO Cities (cityName, countryName) VALUES ('Bray', 'UK');
INSERT INTO Restaurants (year, rank, restaurantName, cityName) VALUES (2014, 48, 'The Test Kitchen', 'Cape Town');
INSERT INTO Restaurants (year, rank, restaurantName, cityName) VALUES (2014, 49, 'Coi', 'San Francisco');
INSERT INTO Restaurants (year, rank, restaurantName, cityName) VALUES (2014, 50, 'Waku Ghin', 'Singapore');
INSERT INTO Restaurants (year, rank, restaurantName, cityName) VALUES (2013, 1, 'El Celler de Can Roca', 'Girona');
INSERT INTO Restaurants (year, rank, restaurantName, cityName) VALUES (2013, 2, 'Noma', 'Copenhagen');
INSERT INTO Restaurants (year, rank, restaurantName, cityName) VALUES (2013, 3, 'Osteria Francescana', 'Modena');
INSERT INTO Restaurants (year, rank, restaurantName, cityName) VALUES (2013, 4, 'Mugaritz', 'San Sebastian');
INSERT INTO Restaurants (year, rank, restaurantName, cityName) VALUES (2013, 5, 'Eleven Madison Park', 'New York');
INSERT INTO Restaurants (year, rank, restaurantName, cityName) VALUES (2013, 6, 'D.O.M.', 'Sao Paulo');
INSERT INTO Restaurants (year, rank, restaurantName, cityName) VALUES (2013, 7, 'Dinner by Heston Blumenthal', 'London');
INSERT INTO Restaurants (year, rank, restaurantName, cityName) VALUES (2013, 8, 'Arzak', 'San Sebastian');
INSERT INTO Restaurants (year, rank, restaurantName, cityName) VALUES (2013, 9, 'Steirereck', 'Vienna');
INSERT INTO Restaurants (year, rank, restaurantName, cityName) VALUES (2013, 10, 'Vendôme', 'Bergisch Gladbach');
INSERT INTO Restaurants (year, rank, restaurantName, cityName) VALUES (2013, 11, 'Per Se', 'New York');
INSERT INTO Restaurants (year, rank, restaurantName, cityName) VALUES (2013, 12, 'Frantzén/Lindeberg', 'Stockholm');
INSERT INTO Restaurants (year, rank, restaurantName, cityName) VALUES (2013, 13, 'The Ledbury', 'London');
INSERT INTO Restaurants (year, rank, restaurantName, cityName) VALUES (2013, 14, 'Astrid y Gastón', 'Lima');
INSERT INTO Restaurants (year, rank, restaurantName, cityName) VALUES (2013, 15, 'Alinea', 'Chicago');
INSERT INTO Restaurants (year, rank, restaurantName, cityName) VALUES (2013, 16, 'Arpège', 'Paris');
INSERT INTO Restaurants (year, rank, restaurantName, cityName) VALUES (2013, 17, 'Pujol', 'Mexico City');
INSERT INTO Restaurants (year, rank, restaurantName, cityName) VALUES (2013, 18, 'Le Chateaubriand', 'Paris');
INSERT INTO Restaurants (year, rank, restaurantName, cityName) VALUES (2013, 19, 'Le Bernardin', 'New York');
INSERT INTO Restaurants (year, rank, restaurantName, cityName) VALUES (2013, 20, 'Narisawa', 'Tokyo');
INSERT INTO Restaurants (year, rank, restaurantName, cityName) VALUES (2013, 21, 'Attica', 'Melbourne');
INSERT INTO Restaurants (year, rank, restaurantName, cityName) VALUES (2013, 22, 'Nihonryori Ryugin', 'Tokyo');
INSERT INTO Restaurants (year, rank, restaurantName, cityName) VALUES (2013, 23, 'LAstrance', 'Paris');
INSERT INTO Restaurants (year, rank, restaurantName, cityName) VALUES (2013, 24, 'LAtelier Saint Germain De Joël Robuchon', 'Paris');
INSERT INTO Restaurants (year, rank, restaurantName, cityName) VALUES (2013, 25, 'Hof van Cleve', 'Kruishoutem');
INSERT INTO Restaurants (year, rank, restaurantName, cityName) VALUES (2013, 26, 'Quique Dacosta', 'Denia');
INSERT INTO Restaurants (year, rank, restaurantName, cityName) VALUES (2013, 27, 'Le Calandre', 'Rubano');
INSERT INTO Restaurants (year, rank, restaurantName, cityName) VALUES (2013, 28, 'Mirazur', 'Menton');
INSERT INTO Restaurants (year, rank, restaurantName, cityName) VALUES (2013, 29, 'Daniel', 'New York');
INSERT INTO Restaurants (year, rank, restaurantName, cityName) VALUES (2013, 30, 'Aqua', 'Wolfsburg');
INSERT INTO Restaurants (year, rank, restaurantName, cityName) VALUES (2013, 31, 'Biko', 'Mexico City');
INSERT INTO Restaurants (year, rank, restaurantName, cityName) VALUES (2013, 32, 'Nahm', 'Bangkok');
INSERT INTO Restaurants (year, rank, restaurantName, cityName) VALUES (2013, 33, 'The Fat Duck', 'Bray');
INSERT INTO Restaurants (year, rank, restaurantName, cityName) VALUES (2013, 34, 'Fäviken', 'Järpen');
INSERT INTO Restaurants (year, rank, restaurantName, cityName) VALUES (2013, 35, 'Oud Sluis', 'Sluis');
INSERT INTO Cities (cityName, countryName) VALUES ('Sluis', 'Netherlands');
INSERT INTO Restaurants (year, rank, restaurantName, cityName) VALUES (2013, 36, 'Amber', 'Hong Kong');
INSERT INTO Restaurants (year, rank, restaurantName, cityName) VALUES (2013, 37, 'Vila Joya', 'Albufeira');
INSERT INTO Restaurants (year, rank, restaurantName, cityName) VALUES (2013, 38, 'Restaurant André', 'Singapore');
INSERT INTO Restaurants (year, rank, restaurantName, cityName) VALUES (2013, 39, '8 1/2 Otto e Mezzo Bombana', 'Hong Kong');
INSERT INTO Restaurants (year, rank, restaurantName, cityName) VALUES (2013, 40, 'Combal.Zero', 'Rivoli');
INSERT INTO Restaurants (year, rank, restaurantName, cityName) VALUES (2013, 41, 'Piazza Duomo', 'Alba');
INSERT INTO Restaurants (year, rank, restaurantName, cityName) VALUES (2013, 42, 'Schloss Schauenstein', 'Fürstenau');
INSERT INTO Restaurants (year, rank, restaurantName, cityName) VALUES (2013, 43, 'Mr and Mrs Bund', 'Shanghai');
INSERT INTO Restaurants (year, rank, restaurantName, cityName) VALUES (2013, 44, 'Asador Etxebarri', 'Axpe');
INSERT INTO Restaurants (year, rank, restaurantName, cityName) VALUES (2013, 45, 'Geranium', 'Copenhagen');
INSERT INTO Restaurants (year, rank, restaurantName, cityName) VALUES (2013, 46, 'Maní', 'São Paulo');
INSERT INTO Restaurants (year, rank, restaurantName, cityName) VALUES (2013, 47, 'The French Laundry', 'Yountville');
INSERT INTO Restaurants (year, rank, restaurantName, cityName) VALUES (2013, 48, 'Quay', 'Sydney');
INSERT INTO Cities (cityName, countryName) VALUES ('Sydney', 'Australia');
INSERT INTO Restaurants (year, rank, restaurantName, cityName) VALUES (2013, 49, 'Septime', 'Paris');
INSERT INTO Restaurants (year, rank, restaurantName, cityName) VALUES (2013, 50, 'Central', 'Lima');
INSERT INTO Restaurants (year, rank, restaurantName, cityName) VALUES (2012, 1, 'Noma', 'Copenhagen');
INSERT INTO Restaurants (year, rank, restaurantName, cityName) VALUES (2012, 2, 'El Celler de Can Roca', 'Girona');
INSERT INTO Restaurants (year, rank, restaurantName, cityName) VALUES (2012, 3, 'Mugaritz', 'San Sebastian');
INSERT INTO Restaurants (year, rank, restaurantName, cityName) VALUES (2012, 4, 'D.O.M.', 'Sao Paulo');
INSERT INTO Restaurants (year, rank, restaurantName, cityName) VALUES (2012, 5, 'Osteria Francescana', 'Modena');
INSERT INTO Restaurants (year, rank, restaurantName, cityName) VALUES (2012, 6, 'Per Se', 'New York');
INSERT INTO Restaurants (year, rank, restaurantName, cityName) VALUES (2012, 7, 'Alinea', 'Chicago');
INSERT INTO Restaurants (year, rank, restaurantName, cityName) VALUES (2012, 8, 'Arzak', 'San Sebastian');
INSERT INTO Restaurants (year, rank, restaurantName, cityName) VALUES (2012, 9, 'Dinner by Heston Blumenthal', 'London');
INSERT INTO Restaurants (year, rank, restaurantName, cityName) VALUES (2012, 10, 'Eleven Madison Park', 'New York');
INSERT INTO Restaurants (year, rank, restaurantName, cityName) VALUES (2012, 11, 'Steirereck', 'Vienna');
INSERT INTO Restaurants (year, rank, restaurantName, cityName) VALUES (2012, 12, 'LAtelier Saint Germain De Joël Robuchon', 'Paris');
INSERT INTO Restaurants (year, rank, restaurantName, cityName) VALUES (2012, 13, 'The Fat Duck', 'Bray');
INSERT INTO Restaurants (year, rank, restaurantName, cityName) VALUES (2012, 14, 'The Ledbury', 'London');
INSERT INTO Restaurants (year, rank, restaurantName, cityName) VALUES (2012, 15, 'Le Chateaubriand', 'Paris');
INSERT INTO Restaurants (year, rank, restaurantName, cityName) VALUES (2012, 16, 'Arpège', 'Paris');
INSERT INTO Restaurants (year, rank, restaurantName, cityName) VALUES (2012, 17, 'Pierre Gagnaire', 'Paris');
INSERT INTO Restaurants (year, rank, restaurantName, cityName) VALUES (2012, 18, 'LAstrance', 'Paris');
INSERT INTO Restaurants (year, rank, restaurantName, cityName) VALUES (2012, 19, 'Le Bernardin', 'New York');
INSERT INTO Restaurants (year, rank, restaurantName, cityName) VALUES (2012, 20, 'Restaurant Frantzén', 'Stockholm');
INSERT INTO Restaurants (year, rank, restaurantName, cityName) VALUES (2012, 21, 'Oud Sluis', 'Sluis');
INSERT INTO Restaurants (year, rank, restaurantName, cityName) VALUES (2012, 22, 'Aqua', 'Wolfsburg');
INSERT INTO Restaurants (year, rank, restaurantName, cityName) VALUES (2012, 23, 'Vendôme', 'Bergisch Gladbach');
INSERT INTO Restaurants (year, rank, restaurantName, cityName) VALUES (2012, 24, 'Mirazur', 'Menton');
INSERT INTO Restaurants (year, rank, restaurantName, cityName) VALUES (2012, 25, 'Daniel', 'New York');
INSERT INTO Restaurants (year, rank, restaurantName, cityName) VALUES (2012, 26, 'Iggys', 'Singapore');
INSERT INTO Restaurants (year, rank, restaurantName, cityName) VALUES (2012, 27, 'Narisawa', 'Tokyo');
INSERT INTO Restaurants (year, rank, restaurantName, cityName) VALUES (2012, 28, 'Nihonryori Ryugin', 'Tokyo');
INSERT INTO Restaurants (year, rank, restaurantName, cityName) VALUES (2012, 29, 'Quay', 'Sydney');
INSERT INTO Restaurants (year, rank, restaurantName, cityName) VALUES (2012, 30, 'Schloss Schauenstein', 'Fürstenau');
INSERT INTO Restaurants (year, rank, restaurantName, cityName) VALUES (2012, 31, 'Asador Etxebarri', 'Axpe');
INSERT INTO Restaurants (year, rank, restaurantName, cityName) VALUES (2012, 32, 'Le Calandre', 'Rubano');
INSERT INTO Restaurants (year, rank, restaurantName, cityName) VALUES (2012, 33, 'De Librije', 'Zwolle');
INSERT INTO Restaurants (year, rank, restaurantName, cityName) VALUES (2012, 34, 'Fäviken', 'Järpen');
INSERT INTO Restaurants (year, rank, restaurantName, cityName) VALUES (2012, 35, 'Astrid y Gastón', 'Lima');
INSERT INTO Restaurants (year, rank, restaurantName, cityName) VALUES (2012, 36, 'Pujol', 'Mexico City');
INSERT INTO Restaurants (year, rank, restaurantName, cityName) VALUES (2012, 37, 'Momofuku Ssäm Bar', 'New York');
INSERT INTO Restaurants (year, rank, restaurantName, cityName) VALUES (2012, 38, 'Biko', 'Mexico City');
INSERT INTO Restaurants (year, rank, restaurantName, cityName) VALUES (2012, 39, 'Waku Ghin', 'Singapore');
INSERT INTO Restaurants (year, rank, restaurantName, cityName) VALUES (2012, 40, 'Quique Dacosta', 'Denia');
INSERT INTO Restaurants (year, rank, restaurantName, cityName) VALUES (2012, 41, 'Mathias Dahlgren', 'Stockholm');
INSERT INTO Restaurants (year, rank, restaurantName, cityName) VALUES (2012, 42, 'Hof van Cleve', 'Kruishoutem');
INSERT INTO Restaurants (year, rank, restaurantName, cityName) VALUES (2012, 43, 'The French Laundry', 'Yountville');
INSERT INTO Restaurants (year, rank, restaurantName, cityName) VALUES (2012, 44, 'Amber', 'Hong Kong');
INSERT INTO Restaurants (year, rank, restaurantName, cityName) VALUES (2012, 45, 'Vila Joya', 'Albufeira');
INSERT INTO Restaurants (year, rank, restaurantName, cityName) VALUES (2012, 46, 'Il Canto', 'Siena');
INSERT INTO Cities (cityName, countryName) VALUES ('Siena', 'Italy');
INSERT INTO Restaurants (year, rank, restaurantName, cityName) VALUES (2012, 47, 'Bras Restaurant', 'Laguiole');
INSERT INTO Cities (cityName, countryName) VALUES ('Laguiole', 'France');
INSERT INTO Restaurants (year, rank, restaurantName, cityName) VALUES (2012, 48, 'Manresa', 'Los Gatos');
INSERT INTO Cities (cityName, countryName) VALUES ('Los Gatos', 'USA');
INSERT INTO Restaurants (year, rank, restaurantName, cityName) VALUES (2012, 49, 'Geranium', 'Copenhagen');
INSERT INTO Restaurants (year, rank, restaurantName, cityName) VALUES (2012, 50, 'Nahm', 'Bangkok');
INSERT INTO Restaurants (year, rank, restaurantName, cityName) VALUES (2011, 1, 'Noma', 'Copenhagen');
INSERT INTO Restaurants (year, rank, restaurantName, cityName) VALUES (2011, 2, 'El Celler de Can Roca', 'Girona');
INSERT INTO Restaurants (year, rank, restaurantName, cityName) VALUES (2011, 3, 'Mugaritz', 'San Sebastian');
INSERT INTO Restaurants (year, rank, restaurantName, cityName) VALUES (2011, 4, 'Osteria Francescana', 'Modena');
INSERT INTO Restaurants (year, rank, restaurantName, cityName) VALUES (2011, 5, 'The Fat Duck', 'Bray');
INSERT INTO Restaurants (year, rank, restaurantName, cityName) VALUES (2011, 6, 'Alinea', 'Chicago');
INSERT INTO Restaurants (year, rank, restaurantName, cityName) VALUES (2011, 7, 'D.O.M.', 'Sao Paulo');
INSERT INTO Restaurants (year, rank, restaurantName, cityName) VALUES (2011, 8, 'Arzak', 'San Sebastian');
INSERT INTO Restaurants (year, rank, restaurantName, cityName) VALUES (2011, 9, 'Le Chateaubriand', 'Paris');
INSERT INTO Restaurants (year, rank, restaurantName, cityName) VALUES (2011, 10, 'Per Se', 'New York');
INSERT INTO Restaurants (year, rank, restaurantName, cityName) VALUES (2011, 11, 'Daniel', 'New York');
INSERT INTO Restaurants (year, rank, restaurantName, cityName) VALUES (2011, 12, 'Narisawa', 'Tokyo');
INSERT INTO Restaurants (year, rank, restaurantName, cityName) VALUES (2011, 13, 'LAstrance', 'Paris');
INSERT INTO Restaurants (year, rank, restaurantName, cityName) VALUES (2011, 14, 'LAtelier Saint Germain De Joël Robuchon', 'Paris');
INSERT INTO Restaurants (year, rank, restaurantName, cityName) VALUES (2011, 15, 'Hof van Cleve', 'Kruishoutem');
INSERT INTO Restaurants (year, rank, restaurantName, cityName) VALUES (2011, 16, 'Pierre Gagnaire', 'Paris');
INSERT INTO Restaurants (year, rank, restaurantName, cityName) VALUES (2011, 17, 'Oud Sluis', 'Sluis');
INSERT INTO Restaurants (year, rank, restaurantName, cityName) VALUES (2011, 18, 'Le Bernardin', 'New York');
INSERT INTO Restaurants (year, rank, restaurantName, cityName) VALUES (2011, 19, 'Arpège', 'Paris');
INSERT INTO Restaurants (year, rank, restaurantName, cityName) VALUES (2011, 20, 'Restaurant Frantzén', 'Stockholm');
INSERT INTO Restaurants (year, rank, restaurantName, cityName) VALUES (2011, 21, 'Vendôme', 'Bergisch Gladbach');
INSERT INTO Restaurants (year, rank, restaurantName, cityName) VALUES (2011, 22, 'Steirereck', 'Vienna');
INSERT INTO Restaurants (year, rank, restaurantName, cityName) VALUES (2011, 23, 'Schloss Schauenstein', 'Fürstenau');
INSERT INTO Restaurants (year, rank, restaurantName, cityName) VALUES (2011, 24, 'Eleven Madison Park', 'New York');
INSERT INTO Restaurants (year, rank, restaurantName, cityName) VALUES (2011, 25, 'Aqua', 'Wolfsburg');
INSERT INTO Restaurants (year, rank, restaurantName, cityName) VALUES (2011, 26, 'Quay', 'Sydney');
INSERT INTO Restaurants (year, rank, restaurantName, cityName) VALUES (2011, 27, 'Iggys', 'Singapore');
INSERT INTO Restaurants (year, rank, restaurantName, cityName) VALUES (2011, 28, 'Combal Zero', 'Rivoli');
INSERT INTO Restaurants (year, rank, restaurantName, cityName) VALUES (2011, 29, 'Martin Berasategui', 'Lasarte-Oria');
INSERT INTO Restaurants (year, rank, restaurantName, cityName) VALUES (2011, 30, 'Bras Restaurant', 'Laguiole');
INSERT INTO Restaurants (year, rank, restaurantName, cityName) VALUES (2011, 31, 'Biko', 'Mexico City');
INSERT INTO Restaurants (year, rank, restaurantName, cityName) VALUES (2011, 32, 'Le Calandre', 'Rubano');
INSERT INTO Restaurants (year, rank, restaurantName, cityName) VALUES (2011, 33, 'Ristorante Cracco', 'Milan');
INSERT INTO Cities (cityName, countryName) VALUES ('Milan', 'Italy');
INSERT INTO Restaurants (year, rank, restaurantName, cityName) VALUES (2011, 34, 'The Ledbury', 'London');
INSERT INTO Restaurants (year, rank, restaurantName, cityName) VALUES (2011, 35, 'Chez Dominique', 'Helsinki');
INSERT INTO Cities (cityName, countryName) VALUES ('Helsinki', 'Finland');
INSERT INTO Countries (countryName) VALUES ('Finland');
INSERT INTO Restaurants (year, rank, restaurantName, cityName) VALUES (2011, 36, 'Le Quartier Français', 'Franschhoek');
INSERT INTO Cities (cityName, countryName) VALUES ('Franschhoek', 'South Africa');
INSERT INTO Restaurants (year, rank, restaurantName, cityName) VALUES (2011, 37, 'Amber', 'Hong Kong');
INSERT INTO Restaurants (year, rank, restaurantName, cityName) VALUES (2011, 38, 'Dal Pescatore', 'Canneto sullOglio');
INSERT INTO Cities (cityName, countryName) VALUES ('Canneto sullOglio', 'Italy');
INSERT INTO Restaurants (year, rank, restaurantName, cityName) VALUES (2011, 39, 'Il Canto', 'Siena');
INSERT INTO Restaurants (year, rank, restaurantName, cityName) VALUES (2011, 40, 'Momofuku Ssäm Bar', 'New York');
INSERT INTO Restaurants (year, rank, restaurantName, cityName) VALUES (2011, 41, 'St John', 'London');
INSERT INTO Restaurants (year, rank, restaurantName, cityName) VALUES (2011, 42, 'Astrid y Gastón', 'Lima');
INSERT INTO Restaurants (year, rank, restaurantName, cityName) VALUES (2011, 43, 'Hibiscus', 'London');
INSERT INTO Restaurants (year, rank, restaurantName, cityName) VALUES (2011, 44, 'Maison Troisgros', 'Lyon');
INSERT INTO Cities (cityName, countryName) VALUES ('Lyon', 'France');
INSERT INTO Restaurants (year, rank, restaurantName, cityName) VALUES (2011, 45, 'Alain Ducasse au Plaza Athénée', 'Paris');
INSERT INTO Restaurants (year, rank, restaurantName, cityName) VALUES (2011, 46, 'De Librije', 'Zwolle');
INSERT INTO Restaurants (year, rank, restaurantName, cityName) VALUES (2011, 47, 'Restaurant de lHotel de Ville', 'Crissier');
INSERT INTO Cities (cityName, countryName) VALUES ('Crissier', 'Switzerland');
INSERT INTO Restaurants (year, rank, restaurantName, cityName) VALUES (2011, 48, 'Varvary', 'Moscow');
INSERT INTO Restaurants (year, rank, restaurantName, cityName) VALUES (2011, 49, 'Pujol', 'Mexico City');
INSERT INTO Restaurants (year, rank, restaurantName, cityName) VALUES (2011, 50, 'Asador Etxebarri', 'Axpe');
INSERT INTO Restaurants (year, rank, restaurantName, cityName) VALUES (2010, 1, 'Noma', 'Copenhagen');
INSERT INTO Restaurants (year, rank, restaurantName, cityName) VALUES (2010, 2, 'El Bulli', 'Roses');
INSERT INTO Cities (cityName, countryName) VALUES ('Roses', 'Spain');
INSERT INTO Restaurants (year, rank, restaurantName, cityName) VALUES (2010, 3, 'The Fat Duck', 'Bray');
INSERT INTO Restaurants (year, rank, restaurantName, cityName) VALUES (2010, 4, 'El Celler de Can Roca', 'Girona');
INSERT INTO Restaurants (year, rank, restaurantName, cityName) VALUES (2010, 5, 'Mugaritz', 'San Sebastian');
INSERT INTO Restaurants (year, rank, restaurantName, cityName) VALUES (2010, 6, 'Osteria Francescana', 'Modena');
INSERT INTO Restaurants (year, rank, restaurantName, cityName) VALUES (2010, 7, 'Alinea', 'Chicago');
INSERT INTO Restaurants (year, rank, restaurantName, cityName) VALUES (2010, 8, 'Daniel', 'New York');
INSERT INTO Restaurants (year, rank, restaurantName, cityName) VALUES (2010, 9, 'Arzak', 'San Sebastian');
INSERT INTO Restaurants (year, rank, restaurantName, cityName) VALUES (2010, 10, 'Per Se', 'New York');
INSERT INTO Restaurants (year, rank, restaurantName, cityName) VALUES (2010, 11, 'Le Chateaubriand', 'Paris');
INSERT INTO Restaurants (year, rank, restaurantName, cityName) VALUES (2010, 12, 'La Colombe', 'Cape Town');
INSERT INTO Restaurants (year, rank, restaurantName, cityName) VALUES (2010, 13, 'Pierre Gagnaire', 'Paris');
INSERT INTO Restaurants (year, rank, restaurantName, cityName) VALUES (2010, 14, 'LHotel de Ville - Philippe Rochat', 'Crissier');
INSERT INTO Restaurants (year, rank, restaurantName, cityName) VALUES (2010, 15, 'Le Bernardin', 'New York');
INSERT INTO Restaurants (year, rank, restaurantName, cityName) VALUES (2010, 16, 'LAstrance', 'Paris');
INSERT INTO Restaurants (year, rank, restaurantName, cityName) VALUES (2010, 17, 'Hof van Cleve', 'Kruishoutem');
INSERT INTO Restaurants (year, rank, restaurantName, cityName) VALUES (2010, 18, 'D.O.M.', 'Sao Paulo');
INSERT INTO Restaurants (year, rank, restaurantName, cityName) VALUES (2010, 19, 'Oud Sluis', 'Sluis');
INSERT INTO Restaurants (year, rank, restaurantName, cityName) VALUES (2010, 20, 'Le Calandre', 'Rubano');
INSERT INTO Restaurants (year, rank, restaurantName, cityName) VALUES (2010, 21, 'Steirereck', 'Vienna');
INSERT INTO Restaurants (year, rank, restaurantName, cityName) VALUES (2010, 22, 'Vendôme', 'Bergisch Gladbach');
INSERT INTO Restaurants (year, rank, restaurantName, cityName) VALUES (2010, 23, 'Chez Dominique', 'Helsinki');
INSERT INTO Restaurants (year, rank, restaurantName, cityName) VALUES (2010, 24, 'Narisawa', 'Tokyo');
INSERT INTO Restaurants (year, rank, restaurantName, cityName) VALUES (2010, 25, 'Mathias Dhalgren', 'Stockholm');
INSERT INTO Restaurants (year, rank, restaurantName, cityName) VALUES (2010, 26, 'Momofuku Ssäm Bar', 'New York');
INSERT INTO Restaurants (year, rank, restaurantName, cityName) VALUES (2010, 27, 'Quay', 'Sydney');
INSERT INTO Restaurants (year, rank, restaurantName, cityName) VALUES (2010, 28, 'Iggys', 'Singapore');
INSERT INTO Restaurants (year, rank, restaurantName, cityName) VALUES (2010, 29, 'LAtelier Saint Germain De Joël Robuchon', 'Paris');
INSERT INTO Restaurants (year, rank, restaurantName, cityName) VALUES (2010, 30, 'Schloss Schauenstein', 'Fürstenau');
INSERT INTO Restaurants (year, rank, restaurantName, cityName) VALUES (2010, 31, 'Le Quartier Francais', 'Franschhoek');
INSERT INTO Restaurants (year, rank, restaurantName, cityName) VALUES (2010, 32, 'The French Laundry', 'Yountville');
INSERT INTO Restaurants (year, rank, restaurantName, cityName) VALUES (2010, 33, 'Martin Berasategui', 'Lasarte-Oria');
INSERT INTO Restaurants (year, rank, restaurantName, cityName) VALUES (2010, 34, 'Aqua', 'Wolfsburg');
INSERT INTO Restaurants (year, rank, restaurantName, cityName) VALUES (2010, 35, 'Combal Zero', 'Rivoli');
INSERT INTO Restaurants (year, rank, restaurantName, cityName) VALUES (2010, 36, 'Dal Pescatore', 'Canneto sullOglio');
INSERT INTO Restaurants (year, rank, restaurantName, cityName) VALUES (2010, 37, 'De Librije', 'Zwolle');
INSERT INTO Restaurants (year, rank, restaurantName, cityName) VALUES (2010, 38, 'Tetsuyas', 'Sydney');
INSERT INTO Restaurants (year, rank, restaurantName, cityName) VALUES (2010, 39, 'Jaan Par Andre', 'Singapore');
INSERT INTO Restaurants (year, rank, restaurantName, cityName) VALUES (2010, 40, 'Il Canto', 'Siena');
INSERT INTO Restaurants (year, rank, restaurantName, cityName) VALUES (2010, 41, 'Alain Ducasse au Plaza Athénée', 'Paris');
INSERT INTO Restaurants (year, rank, restaurantName, cityName) VALUES (2010, 42, 'Oaxen Krog', 'Stockholm');
INSERT INTO Restaurants (year, rank, restaurantName, cityName) VALUES (2010, 43, 'St John', 'London');
INSERT INTO Restaurants (year, rank, restaurantName, cityName) VALUES (2010, 44, 'Maison Troisgros', 'Lyon');
INSERT INTO Restaurants (year, rank, restaurantName, cityName) VALUES (2010, 45, 'WD~50', 'New York');
INSERT INTO Restaurants (year, rank, restaurantName, cityName) VALUES (2010, 46, 'Biko', 'Mexico City');
INSERT INTO Restaurants (year, rank, restaurantName, cityName) VALUES (2010, 47, 'Die Schwarzaldstube', 'Baiersbronn');
INSERT INTO Cities (cityName, countryName) VALUES ('Baiersbronn', 'Germany');
INSERT INTO Restaurants (year, rank, restaurantName, cityName) VALUES (2010, 48, 'Nihonryori Ryugin', 'Tokyo');
INSERT INTO Restaurants (year, rank, restaurantName, cityName) VALUES (2010, 49, 'Hibiscus', 'London');
INSERT INTO Restaurants (year, rank, restaurantName, cityName) VALUES (2010, 50, 'Eleven Madison Park', 'New York');
INSERT INTO Restaurants (year, rank, restaurantName, cityName) VALUES (2009, 1, 'El Bulli', 'Roses');
INSERT INTO Restaurants (year, rank, restaurantName, cityName) VALUES (2009, 2, 'The Fat Duck', 'Maidenhead');
INSERT INTO Cities (cityName, countryName) VALUES ('Maidenhead', 'UK');
INSERT INTO Restaurants (year, rank, restaurantName, cityName) VALUES (2009, 3, 'Noma', 'Copenhagen');
INSERT INTO Restaurants (year, rank, restaurantName, cityName) VALUES (2009, 4, 'Mugaritz', 'San Sebastian');
INSERT INTO Restaurants (year, rank, restaurantName, cityName) VALUES (2009, 5, 'El Celler de Can Roca', 'Girona');
INSERT INTO Restaurants (year, rank, restaurantName, cityName) VALUES (2009, 6, 'Per Se', 'New York');
INSERT INTO Restaurants (year, rank, restaurantName, cityName) VALUES (2009, 7, 'Bras', 'Laguiole');
INSERT INTO Restaurants (year, rank, restaurantName, cityName) VALUES (2009, 8, 'Arzak', 'San Sebastian');
INSERT INTO Restaurants (year, rank, restaurantName, cityName) VALUES (2009, 9, 'Pierre Gagnaire', 'Paris');
INSERT INTO Restaurants (year, rank, restaurantName, cityName) VALUES (2009, 10, 'Alinea', 'Chicago');
INSERT INTO Restaurants (year, rank, restaurantName, cityName) VALUES (2009, 11, 'LAstrance', 'Paris');
INSERT INTO Restaurants (year, rank, restaurantName, cityName) VALUES (2009, 12, 'The French Laundry', 'Yountville');
INSERT INTO Restaurants (year, rank, restaurantName, cityName) VALUES (2009, 13, 'Osteria Francescana', 'Modena');
INSERT INTO Restaurants (year, rank, restaurantName, cityName) VALUES (2009, 14, 'St John', 'London');
INSERT INTO Restaurants (year, rank, restaurantName, cityName) VALUES (2009, 15, 'Le Bernardin', 'New York');
INSERT INTO Restaurants (year, rank, restaurantName, cityName) VALUES (2009, 16, 'LHotel de Ville - Philippe Rochat', 'Crissier');
INSERT INTO Restaurants (year, rank, restaurantName, cityName) VALUES (2009, 17, 'Tetsuyas', 'Sydney');
INSERT INTO Restaurants (year, rank, restaurantName, cityName) VALUES (2009, 18, 'LAtelier Saint Germain De Joël Robuchon', 'Paris');
INSERT INTO Restaurants (year, rank, restaurantName, cityName) VALUES (2009, 19, 'Jean Georges', 'New York');
INSERT INTO Restaurants (year, rank, restaurantName, cityName) VALUES (2009, 20, 'Narisawa', 'Tokyo');
INSERT INTO Restaurants (year, rank, restaurantName, cityName) VALUES (2009, 21, 'Chez Dominique', 'Copenhagen');
INSERT INTO Restaurants (year, rank, restaurantName, cityName) VALUES (2009, 22, 'Ristorante Cracco', 'Milan');
INSERT INTO Restaurants (year, rank, restaurantName, cityName) VALUES (2009, 23, 'Die Schwarzaldstube', 'Baiersbronn');
INSERT INTO Restaurants (year, rank, restaurantName, cityName) VALUES (2009, 24, 'D.O.M.', 'São Paulo');
INSERT INTO Restaurants (year, rank, restaurantName, cityName) VALUES (2009, 25, 'Vendôme', 'Bergisch Gladbach');
INSERT INTO Restaurants (year, rank, restaurantName, cityName) VALUES (2009, 26, 'Hof van Cleve', 'Kruishoutem');
INSERT INTO Restaurants (year, rank, restaurantName, cityName) VALUES (2009, 27, 'Masa', 'New York');
INSERT INTO Restaurants (year, rank, restaurantName, cityName) VALUES (2009, 28, 'Gambero Rosso', 'Vernazza');
INSERT INTO Cities (cityName, countryName) VALUES ('Vernazza', 'Italy');
INSERT INTO Restaurants (year, rank, restaurantName, cityName) VALUES (2009, 29, 'Oud Sluis', 'Sluis');
INSERT INTO Restaurants (year, rank, restaurantName, cityName) VALUES (2009, 30, 'Steirereck', 'Vienna');
INSERT INTO Restaurants (year, rank, restaurantName, cityName) VALUES (2009, 31, 'Momofuku Ssäm Bar', 'New York');
INSERT INTO Restaurants (year, rank, restaurantName, cityName) VALUES (2009, 32, 'Oaxen Krog', 'Stockholm');
INSERT INTO Restaurants (year, rank, restaurantName, cityName) VALUES (2009, 33, 'Martin Berasategui', 'Lasarte-Oria');
INSERT INTO Restaurants (year, rank, restaurantName, cityName) VALUES (2009, 34, 'Nobu', 'London');
INSERT INTO Restaurants (year, rank, restaurantName, cityName) VALUES (2009, 35, 'Mirazur', 'Menton');
INSERT INTO Restaurants (year, rank, restaurantName, cityName) VALUES (2009, 36, 'Hakkasan', 'London');
INSERT INTO Restaurants (year, rank, restaurantName, cityName) VALUES (2009, 37, 'Le Quartier Français', 'Franschhoek');
INSERT INTO Restaurants (year, rank, restaurantName, cityName) VALUES (2009, 38, 'La Colombe', 'Cape Town');
INSERT INTO Restaurants (year, rank, restaurantName, cityName) VALUES (2009, 39, 'Asador Etxebarri', 'Axpe');
INSERT INTO Restaurants (year, rank, restaurantName, cityName) VALUES (2009, 40, 'Le Chateaubriand', 'Paris');
INSERT INTO Restaurants (year, rank, restaurantName, cityName) VALUES (2009, 41, 'Daniel', 'New York');
INSERT INTO Restaurants (year, rank, restaurantName, cityName) VALUES (2009, 42, 'Combal Zero', 'Rivoli');
INSERT INTO Restaurants (year, rank, restaurantName, cityName) VALUES (2009, 43, 'Le Louis XV', 'Monaco');
INSERT INTO Cities (cityName, countryName) VALUES ('Monaco', 'Monaco');
INSERT INTO Countries (countryName) VALUES ('Monaco');
INSERT INTO Restaurants (year, rank, restaurantName, cityName) VALUES (2009, 44, 'Tantris', 'München');
INSERT INTO Cities (cityName, countryName) VALUES ('München', 'Germany');
INSERT INTO Restaurants (year, rank, restaurantName, cityName) VALUES (2009, 45, 'Iggys', 'Singapore');
INSERT INTO Restaurants (year, rank, restaurantName, cityName) VALUES (2009, 46, 'Quay', 'Sydney');
INSERT INTO Restaurants (year, rank, restaurantName, cityName) VALUES (2009, 47, 'Les Ambassadeurs', 'Paris');
INSERT INTO Restaurants (year, rank, restaurantName, cityName) VALUES (2009, 48, 'Dal Pescatore', 'Canneto sullOglio');
INSERT INTO Restaurants (year, rank, restaurantName, cityName) VALUES (2009, 49, 'Le Calandre', 'Rubano');
INSERT INTO Restaurants (year, rank, restaurantName, cityName) VALUES (2009, 50, 'Mathias Dhalgren', 'Stockholm');
INSERT INTO Restaurants (year, rank, restaurantName, cityName) VALUES (2008, 1, 'El Bulli', 'Roses');
INSERT INTO Restaurants (year, rank, restaurantName, cityName) VALUES (2008, 2, 'The Fat Duck', 'Maidenhead');
INSERT INTO Restaurants (year, rank, restaurantName, cityName) VALUES (2008, 3, 'Pierre Gagnaire', 'Paris');
INSERT INTO Restaurants (year, rank, restaurantName, cityName) VALUES (2008, 4, 'Mugaritz', 'San Sebastian');
INSERT INTO Restaurants (year, rank, restaurantName, cityName) VALUES (2008, 5, 'The French Laundry', 'Yountville');
INSERT INTO Restaurants (year, rank, restaurantName, cityName) VALUES (2008, 6, 'Per Se', 'New York');
INSERT INTO Restaurants (year, rank, restaurantName, cityName) VALUES (2008, 7, 'Bras', 'Laguiole');
INSERT INTO Restaurants (year, rank, restaurantName, cityName) VALUES (2008, 8, 'Arzak', 'San Sebastian');
INSERT INTO Restaurants (year, rank, restaurantName, cityName) VALUES (2008, 9, 'Tetsuyas', 'Sydney');
INSERT INTO Restaurants (year, rank, restaurantName, cityName) VALUES (2008, 10, 'Noma', 'Copenhagen');
INSERT INTO Restaurants (year, rank, restaurantName, cityName) VALUES (2008, 11, 'LAstrance', 'Paris');
INSERT INTO Restaurants (year, rank, restaurantName, cityName) VALUES (2008, 12, 'Gambero Rosso', 'Vernazza');
INSERT INTO Restaurants (year, rank, restaurantName, cityName) VALUES (2008, 13, 'Restaurant Gordon Ramsay', 'London');
INSERT INTO Restaurants (year, rank, restaurantName, cityName) VALUES (2008, 14, 'LAtelier Saint Germain De Joël Robuchon', 'Paris');
INSERT INTO Restaurants (year, rank, restaurantName, cityName) VALUES (2008, 15, 'Le Louis XV', 'Monaco');
INSERT INTO Restaurants (year, rank, restaurantName, cityName) VALUES (2008, 16, 'St John', 'London');
INSERT INTO Restaurants (year, rank, restaurantName, cityName) VALUES (2008, 17, 'Jean Georges', 'New York');
INSERT INTO Restaurants (year, rank, restaurantName, cityName) VALUES (2008, 18, 'Alain Ducasse au Plaza Athénée', 'Paris');
INSERT INTO Restaurants (year, rank, restaurantName, cityName) VALUES (2008, 19, 'Hakkasan', 'London');
INSERT INTO Restaurants (year, rank, restaurantName, cityName) VALUES (2008, 20, 'Le Bernardin', 'New York');
INSERT INTO Restaurants (year, rank, restaurantName, cityName) VALUES (2008, 21, 'Alinea', 'Chicago');
INSERT INTO Restaurants (year, rank, restaurantName, cityName) VALUES (2008, 22, 'Le Gavroche', 'London');
INSERT INTO Restaurants (year, rank, restaurantName, cityName) VALUES (2008, 23, 'Dal Pescatore', 'Canneto sullOglio');
INSERT INTO Restaurants (year, rank, restaurantName, cityName) VALUES (2008, 24, 'Le Cinq', 'Paris');
INSERT INTO Restaurants (year, rank, restaurantName, cityName) VALUES (2008, 25, 'Troisgros', 'Paris');
INSERT INTO Restaurants (year, rank, restaurantName, cityName) VALUES (2008, 26, 'El Celler de Can Roca', 'Girona');
INSERT INTO Restaurants (year, rank, restaurantName, cityName) VALUES (2008, 27, 'LHotel de Ville - Philippe Rochat', 'Crissier');
INSERT INTO Restaurants (year, rank, restaurantName, cityName) VALUES (2008, 28, 'Hof van Cleve', 'Kruishoutem');
INSERT INTO Restaurants (year, rank, restaurantName, cityName) VALUES (2008, 29, 'Martin Berasategui', 'Lasarte-Oria');
INSERT INTO Restaurants (year, rank, restaurantName, cityName) VALUES (2008, 30, 'Nobu', 'London');
INSERT INTO Restaurants (year, rank, restaurantName, cityName) VALUES (2008, 31, 'Can Fabes', 'Barcelona');
INSERT INTO Restaurants (year, rank, restaurantName, cityName) VALUES (2008, 32, 'Enoteca Pinchiorri', 'Florence');
INSERT INTO Cities (cityName, countryName) VALUES ('Florence', 'Italy');
INSERT INTO Restaurants (year, rank, restaurantName, cityName) VALUES (2008, 33, 'Le Meurice', 'Paris');
INSERT INTO Restaurants (year, rank, restaurantName, cityName) VALUES (2008, 34, 'Vendôme', 'Bergisch Gladbach');
INSERT INTO Restaurants (year, rank, restaurantName, cityName) VALUES (2008, 35, 'Die Schwarzaldstube', 'Baiersbronn');
INSERT INTO Restaurants (year, rank, restaurantName, cityName) VALUES (2008, 36, 'Le Calandre', 'Rubano');
INSERT INTO Restaurants (year, rank, restaurantName, cityName) VALUES (2008, 37, 'Chez Panisse', 'Berkeley');
INSERT INTO Cities (cityName, countryName) VALUES ('Berkeley', 'USA');
INSERT INTO Restaurants (year, rank, restaurantName, cityName) VALUES (2008, 38, 'Charlie Trotters', 'Chicago');
INSERT INTO Restaurants (year, rank, restaurantName, cityName) VALUES (2008, 39, 'Chez Dominique', 'Helsinki');
INSERT INTO Restaurants (year, rank, restaurantName, cityName) VALUES (2008, 40, 'D.O.M.', 'São Paulo');
INSERT INTO Restaurants (year, rank, restaurantName, cityName) VALUES (2008, 41, 'Daniel', 'New York');
INSERT INTO Restaurants (year, rank, restaurantName, cityName) VALUES (2008, 42, 'Oud Sluis', 'Sluis');
INSERT INTO Restaurants (year, rank, restaurantName, cityName) VALUES (2008, 43, 'Ristorante Cracco', 'Milan');
INSERT INTO Restaurants (year, rank, restaurantName, cityName) VALUES (2008, 44, 'Asador Etxebarri', 'Axte');
INSERT INTO Cities (cityName, countryName) VALUES ('Axte', 'Spain');
INSERT INTO Restaurants (year, rank, restaurantName, cityName) VALUES (2008, 45, 'Les Ambassadeurs', 'Paris');
INSERT INTO Restaurants (year, rank, restaurantName, cityName) VALUES (2008, 46, 'Arpège', 'Paris');
INSERT INTO Restaurants (year, rank, restaurantName, cityName) VALUES (2008, 47, 'Tantris', 'München');
INSERT INTO Restaurants (year, rank, restaurantName, cityName) VALUES (2008, 48, 'Oaxen Krog', 'Stockholm');
INSERT INTO Restaurants (year, rank, restaurantName, cityName) VALUES (2008, 49, 'Rockpool', 'Sydney');
INSERT INTO Restaurants (year, rank, restaurantName, cityName) VALUES (2008, 50, 'Le Quartier Français', 'Franschhoek');
INSERT INTO Restaurants (year, rank, restaurantName, cityName) VALUES (2007, 1, 'El Bulli', 'Roses');
INSERT INTO Restaurants (year, rank, restaurantName, cityName) VALUES (2007, 2, 'The Fat Duck', 'Maidenhead');
INSERT INTO Restaurants (year, rank, restaurantName, cityName) VALUES (2007, 3, 'Pierre Gagnaire', 'Paris');
INSERT INTO Restaurants (year, rank, restaurantName, cityName) VALUES (2007, 4, 'The French Laundry', 'Yountville');
INSERT INTO Restaurants (year, rank, restaurantName, cityName) VALUES (2007, 5, 'Tetsuyas', 'Sydney');
INSERT INTO Restaurants (year, rank, restaurantName, cityName) VALUES (2007, 6, 'Bras', 'Laguiole');
INSERT INTO Restaurants (year, rank, restaurantName, cityName) VALUES (2007, 7, 'Mugaritz', 'San Sebastian');
INSERT INTO Restaurants (year, rank, restaurantName, cityName) VALUES (2007, 8, 'Le Louis XV', 'Monaco');
INSERT INTO Restaurants (year, rank, restaurantName, cityName) VALUES (2007, 9, 'Per Se', 'New York');
INSERT INTO Restaurants (year, rank, restaurantName, cityName) VALUES (2007, 10, 'Arzak', 'San Sebastian');
INSERT INTO Restaurants (year, rank, restaurantName, cityName) VALUES (2007, 11, 'El Celler de Can Roca', 'Girona');
INSERT INTO Restaurants (year, rank, restaurantName, cityName) VALUES (2007, 12, 'Gambero Rosso', 'Vernazza');
INSERT INTO Restaurants (year, rank, restaurantName, cityName) VALUES (2007, 13, 'LAtelier Saint Germain De Joël Robuchon', 'Paris');
INSERT INTO Restaurants (year, rank, restaurantName, cityName) VALUES (2007, 14, 'Hof van Cleve', 'Kruishoutem');
INSERT INTO Restaurants (year, rank, restaurantName, cityName) VALUES (2007, 15, 'Noma', 'Copenhagen');
INSERT INTO Restaurants (year, rank, restaurantName, cityName) VALUES (2007, 16, 'Le Calandre', 'Rubano');
INSERT INTO Restaurants (year, rank, restaurantName, cityName) VALUES (2007, 17, 'Nobu', 'London');
INSERT INTO Restaurants (year, rank, restaurantName, cityName) VALUES (2007, 18, 'Jean Georges', 'New York');
INSERT INTO Restaurants (year, rank, restaurantName, cityName) VALUES (2007, 19, 'Hakkasan', 'London');
INSERT INTO Restaurants (year, rank, restaurantName, cityName) VALUES (2007, 20, 'Alain Ducasse au Plaza Athénée', 'Paris');
INSERT INTO Restaurants (year, rank, restaurantName, cityName) VALUES (2007, 21, 'LAstrance', 'Paris');
INSERT INTO Restaurants (year, rank, restaurantName, cityName) VALUES (2007, 22, 'Can Fabes', 'Barcelona');
INSERT INTO Restaurants (year, rank, restaurantName, cityName) VALUES (2007, 23, 'LAmbroisie', 'Paris');
INSERT INTO Restaurants (year, rank, restaurantName, cityName) VALUES (2007, 24, 'Restaurant Gordon Ramsay', 'London');
INSERT INTO Restaurants (year, rank, restaurantName, cityName) VALUES (2007, 25, 'Troisgros', 'Paris');
INSERT INTO Restaurants (year, rank, restaurantName, cityName) VALUES (2007, 26, 'Le Bernardin', 'New York');
INSERT INTO Restaurants (year, rank, restaurantName, cityName) VALUES (2007, 27, 'Martin Berasategui', 'Lasarte-Oria');
INSERT INTO Restaurants (year, rank, restaurantName, cityName) VALUES (2007, 28, 'Le Gavroche', 'London');
INSERT INTO Restaurants (year, rank, restaurantName, cityName) VALUES (2007, 29, 'Le Cinq', 'Paris');
INSERT INTO Restaurants (year, rank, restaurantName, cityName) VALUES (2007, 30, 'Charlie Trotters', 'Chicago');
INSERT INTO Restaurants (year, rank, restaurantName, cityName) VALUES (2007, 31, 'Dal Pescatore', 'Canneto sullOglio');
INSERT INTO Restaurants (year, rank, restaurantName, cityName) VALUES (2007, 32, 'Daniel', 'New York');
INSERT INTO Restaurants (year, rank, restaurantName, cityName) VALUES (2007, 33, 'Rockpool', 'Sydney');
INSERT INTO Restaurants (year, rank, restaurantName, cityName) VALUES (2007, 34, 'St John', 'London');
INSERT INTO Restaurants (year, rank, restaurantName, cityName) VALUES (2007, 35, 'Chez Dominique', 'Helsinki');
INSERT INTO Restaurants (year, rank, restaurantName, cityName) VALUES (2007, 36, 'Alinea', 'Chicago');
INSERT INTO Restaurants (year, rank, restaurantName, cityName) VALUES (2007, 37, 'Bukhara', 'New Delhi');
INSERT INTO Cities (cityName, countryName) VALUES ('New Delhi', 'India');
INSERT INTO Countries (countryName) VALUES ('India');
INSERT INTO Restaurants (year, rank, restaurantName, cityName) VALUES (2007, 38, 'D.O.M.', 'São Paulo');
INSERT INTO Restaurants (year, rank, restaurantName, cityName) VALUES (2007, 39, 'Oaxen Krog', 'Stockholm');
INSERT INTO Restaurants (year, rank, restaurantName, cityName) VALUES (2007, 40, 'Chez Panisse', 'Berkeley');
INSERT INTO Restaurants (year, rank, restaurantName, cityName) VALUES (2007, 41, 'Enoteca Pinchiorri', 'Florence');
INSERT INTO Restaurants (year, rank, restaurantName, cityName) VALUES (2007, 42, 'Cracco Peck', 'Milan');
INSERT INTO Restaurants (year, rank, restaurantName, cityName) VALUES (2007, 43, 'Arpège', 'Paris');
INSERT INTO Restaurants (year, rank, restaurantName, cityName) VALUES (2007, 44, 'River Café', 'London');
INSERT INTO Restaurants (year, rank, restaurantName, cityName) VALUES (2007, 45, 'Oud Sluis', 'Sluis');
INSERT INTO Restaurants (year, rank, restaurantName, cityName) VALUES (2007, 46, 'Combal Zero', 'Rivoli');
INSERT INTO Restaurants (year, rank, restaurantName, cityName) VALUES (2007, 47, 'Le Quartier Français', 'Franschhoek');
INSERT INTO Restaurants (year, rank, restaurantName, cityName) VALUES (2007, 48, 'Taillevent', 'Paris');
INSERT INTO Restaurants (year, rank, restaurantName, cityName) VALUES (2007, 49, 'Bocuse', 'Lyon');
INSERT INTO Restaurants (year, rank, restaurantName, cityName) VALUES (2007, 50, 'Les Ambassadeurs', 'Paris');
INSERT INTO Restaurants (year, rank, restaurantName, cityName) VALUES (2006, 1, 'El Bulli', 'Roses');
INSERT INTO Restaurants (year, rank, restaurantName, cityName) VALUES (2006, 2, 'The Fat Duck', 'Maidenhead');
INSERT INTO Restaurants (year, rank, restaurantName, cityName) VALUES (2006, 3, 'Pierre Gagnaire', 'Paris');
INSERT INTO Restaurants (year, rank, restaurantName, cityName) VALUES (2006, 4, 'The French Laundry', 'Yountville');
INSERT INTO Restaurants (year, rank, restaurantName, cityName) VALUES (2006, 5, 'Tetsuyas', 'Sydney');
INSERT INTO Restaurants (year, rank, restaurantName, cityName) VALUES (2006, 6, 'Bras', 'Laguiole');
INSERT INTO Restaurants (year, rank, restaurantName, cityName) VALUES (2006, 7, 'Le Louis XV', 'Monaco');
INSERT INTO Restaurants (year, rank, restaurantName, cityName) VALUES (2006, 8, 'Per Se', 'New York');
INSERT INTO Restaurants (year, rank, restaurantName, cityName) VALUES (2006, 9, 'Arzak', 'San Sebastian');
INSERT INTO Restaurants (year, rank, restaurantName, cityName) VALUES (2006, 10, 'Mugaritz', 'Gipuzkoa');
INSERT INTO Cities (cityName, countryName) VALUES ('Gipuzkoa', 'Spain');
INSERT INTO Restaurants (year, rank, restaurantName, cityName) VALUES (2006, 11, 'Can Fabes', 'Barcelona');
INSERT INTO Restaurants (year, rank, restaurantName, cityName) VALUES (2006, 12, 'Nobu', 'London');
INSERT INTO Restaurants (year, rank, restaurantName, cityName) VALUES (2006, 13, 'Gambero Rosso', 'Vernazza');
INSERT INTO Restaurants (year, rank, restaurantName, cityName) VALUES (2006, 14, 'Restaurant Gordon Ramsay', 'London');
INSERT INTO Restaurants (year, rank, restaurantName, cityName) VALUES (2006, 15, 'Alain Ducasse', 'Paris');
INSERT INTO Restaurants (year, rank, restaurantName, cityName) VALUES (2006, 16, 'Jean Georges', 'New York');
INSERT INTO Restaurants (year, rank, restaurantName, cityName) VALUES (2006, 17, 'Le Cinq', 'Paris');
INSERT INTO Restaurants (year, rank, restaurantName, cityName) VALUES (2006, 18, 'Daniel', 'New York');
INSERT INTO Restaurants (year, rank, restaurantName, cityName) VALUES (2006, 19, 'Oud Sluis', 'Sluis');
INSERT INTO Restaurants (year, rank, restaurantName, cityName) VALUES (2006, 20, 'Chez Panisse', 'Berkeley');
INSERT INTO Restaurants (year, rank, restaurantName, cityName) VALUES (2006, 21, 'El Celler de Can Roca', 'Girona');
INSERT INTO Restaurants (year, rank, restaurantName, cityName) VALUES (2006, 22, 'LAstrance', 'Paris');
INSERT INTO Restaurants (year, rank, restaurantName, cityName) VALUES (2006, 23, 'Hof van Cleve', 'Kruisem');
INSERT INTO Restaurants (year, rank, restaurantName, cityName) VALUES (2006, 24, 'Troisgros', 'Ouches');
INSERT INTO Cities (cityName, countryName) VALUES ('Ouches', 'France');
INSERT INTO Restaurants (year, rank, restaurantName, cityName) VALUES (2006, 25, 'LAtelier Saint Germain De Joël Robuchon', 'Paris');
INSERT INTO Restaurants (year, rank, restaurantName, cityName) VALUES (2006, 26, 'Charlie Trotters', 'Chicago');
INSERT INTO Restaurants (year, rank, restaurantName, cityName) VALUES (2006, 27, 'Le Gavroche', 'London');
INSERT INTO Restaurants (year, rank, restaurantName, cityName) VALUES (2006, 28, 'La Colombe', 'Cape Town');
INSERT INTO Restaurants (year, rank, restaurantName, cityName) VALUES (2006, 29, 'Enoteca Pinchiorri', 'Florence');
INSERT INTO Restaurants (year, rank, restaurantName, cityName) VALUES (2006, 30, 'Rockpool', 'Sydney');
INSERT INTO Restaurants (year, rank, restaurantName, cityName) VALUES (2006, 31, 'Le Calandre', 'Padua');
INSERT INTO Cities (cityName, countryName) VALUES ('Padua', 'Italy');
INSERT INTO Restaurants (year, rank, restaurantName, cityName) VALUES (2006, 32, 'Le Bernardin', 'New York');
INSERT INTO Restaurants (year, rank, restaurantName, cityName) VALUES (2006, 33, 'Noma', 'Copenhagen');
INSERT INTO Restaurants (year, rank, restaurantName, cityName) VALUES (2006, 34, 'Dieter Mueller', 'Gladbach');
INSERT INTO Cities (cityName, countryName) VALUES ('Gladbach', 'Germany');
INSERT INTO Restaurants (year, rank, restaurantName, cityName) VALUES (2006, 35, 'St John', 'London');
INSERT INTO Restaurants (year, rank, restaurantName, cityName) VALUES (2006, 36, 'Hakkasan', 'London');
INSERT INTO Restaurants (year, rank, restaurantName, cityName) VALUES (2006, 37, 'Martin Berasategui', 'Lasarte-Oria');
INSERT INTO Restaurants (year, rank, restaurantName, cityName) VALUES (2006, 38, 'Le Quartier Français', 'Franschhoek');
INSERT INTO Countries (countryName) VALUES ('Aouth Africa');
INSERT INTO Restaurants (year, rank, restaurantName, cityName) VALUES (2006, 39, 'Chez Dominique', 'Helsinki');
INSERT INTO Restaurants (year, rank, restaurantName, cityName) VALUES (2006, 40, 'LAmbroisie', 'Paris');
INSERT INTO Restaurants (year, rank, restaurantName, cityName) VALUES (2006, 41, 'Die Schwarzaldstube', 'Baiersbronn');
INSERT INTO Restaurants (year, rank, restaurantName, cityName) VALUES (2006, 42, 'Dal Pescatore', 'Canneto sullOglio');
INSERT INTO Restaurants (year, rank, restaurantName, cityName) VALUES (2006, 43, 'Bocuse', 'Lyon');
INSERT INTO Restaurants (year, rank, restaurantName, cityName) VALUES (2006, 44, 'Arpège', 'Paris');
INSERT INTO Restaurants (year, rank, restaurantName, cityName) VALUES (2006, 45, 'Gramercy Tavern', 'New York');
INSERT INTO Restaurants (year, rank, restaurantName, cityName) VALUES (2006, 46, 'Bukhara', 'New Delhi');
INSERT INTO Restaurants (year, rank, restaurantName, cityName) VALUES (2006, 47, 'De Karmeliet', 'Bruges');
INSERT INTO Cities (cityName, countryName) VALUES ('Bruges', 'Belgium');
INSERT INTO Restaurants (year, rank, restaurantName, cityName) VALUES (2006, 48, 'Oaxen Krog', 'Stockholm');
INSERT INTO Restaurants (year, rank, restaurantName, cityName) VALUES (2006, 49, 'Comme Chez Soi', 'Brussels');
INSERT INTO Cities (cityName, countryName) VALUES ('Brussels', 'Belgium');
INSERT INTO Restaurants (year, rank, restaurantName, cityName) VALUES (2006, 50, 'D.O.M.', 'São Paulo');
INSERT INTO Restaurants (year, rank, restaurantName, cityName) VALUES (2005, 1, 'The Fat Duck', 'Maidenhead');
INSERT INTO Restaurants (year, rank, restaurantName, cityName) VALUES (2005, 2, 'El Bulli', 'Roses');
INSERT INTO Restaurants (year, rank, restaurantName, cityName) VALUES (2005, 3, 'The French Laundry', 'Yountville');
INSERT INTO Restaurants (year, rank, restaurantName, cityName) VALUES (2005, 4, 'Tetsuyas', 'Sydney');
INSERT INTO Restaurants (year, rank, restaurantName, cityName) VALUES (2005, 5, 'Restaurant Gordon Ramsay', 'London');
INSERT INTO Restaurants (year, rank, restaurantName, cityName) VALUES (2005, 6, 'Pierre Gagnaire', 'Paris');
INSERT INTO Restaurants (year, rank, restaurantName, cityName) VALUES (2005, 7, 'Per Se', 'New York');
INSERT INTO Restaurants (year, rank, restaurantName, cityName) VALUES (2005, 8, 'Tom Aikens', 'London');
INSERT INTO Restaurants (year, rank, restaurantName, cityName) VALUES (2005, 9, 'Jean Georges', 'New York');
INSERT INTO Restaurants (year, rank, restaurantName, cityName) VALUES (2005, 10, 'St John', 'London');
INSERT INTO Restaurants (year, rank, restaurantName, cityName) VALUES (2005, 11, 'Bras', 'Laguiole');
INSERT INTO Restaurants (year, rank, restaurantName, cityName) VALUES (2005, 12, 'Le Louis XV', 'Monaco');
INSERT INTO Restaurants (year, rank, restaurantName, cityName) VALUES (2005, 13, 'Chez Panisse', 'Berkeley');
INSERT INTO Restaurants (year, rank, restaurantName, cityName) VALUES (2005, 14, 'Charlie Trotters', 'Chicago');
INSERT INTO Restaurants (year, rank, restaurantName, cityName) VALUES (2005, 15, 'Gramercy Tavern', 'New York');
INSERT INTO Restaurants (year, rank, restaurantName, cityName) VALUES (2005, 16, 'Guy Savoy', 'Paris');
INSERT INTO Restaurants (year, rank, restaurantName, cityName) VALUES (2005, 17, 'Alain Ducasse', 'Paris');
INSERT INTO Restaurants (year, rank, restaurantName, cityName) VALUES (2005, 18, 'Sketch', 'London');
INSERT INTO Restaurants (year, rank, restaurantName, cityName) VALUES (2005, 19, 'The Waterside Inn', 'London');
INSERT INTO Restaurants (year, rank, restaurantName, cityName) VALUES (2005, 20, 'Nobu', 'London');
INSERT INTO Restaurants (year, rank, restaurantName, cityName) VALUES (2005, 21, 'Arzak', 'San Sebastian');
INSERT INTO Restaurants (year, rank, restaurantName, cityName) VALUES (2005, 22, 'Can Fabes', 'Barcelona');
INSERT INTO Restaurants (year, rank, restaurantName, cityName) VALUES (2005, 23, 'Checchino Dal 1887', 'Rome');
INSERT INTO Cities (cityName, countryName) VALUES ('Rome', 'Italy');
INSERT INTO Restaurants (year, rank, restaurantName, cityName) VALUES (2005, 24, 'Le Meurice', 'Paris');
INSERT INTO Restaurants (year, rank, restaurantName, cityName) VALUES (2005, 25, 'LHotel de Ville', 'Crissier');
INSERT INTO Restaurants (year, rank, restaurantName, cityName) VALUES (2005, 26, 'Arpège', 'Paris');
INSERT INTO Restaurants (year, rank, restaurantName, cityName) VALUES (2005, 27, 'The Connaught', 'London');
INSERT INTO Restaurants (year, rank, restaurantName, cityName) VALUES (2005, 28, 'Le Manoir aux QuatSaisons', 'Oxford');
INSERT INTO Cities (cityName, countryName) VALUES ('Oxford', 'UK');
INSERT INTO Restaurants (year, rank, restaurantName, cityName) VALUES (2005, 29, 'Le Cinq', 'Paris');
INSERT INTO Restaurants (year, rank, restaurantName, cityName) VALUES (2005, 30, 'Hakkasan', 'London');
INSERT INTO Restaurants (year, rank, restaurantName, cityName) VALUES (2005, 31, 'Cal Pep', 'Barcelona');
INSERT INTO Restaurants (year, rank, restaurantName, cityName) VALUES (2005, 32, 'Masa', 'New York');
INSERT INTO Restaurants (year, rank, restaurantName, cityName) VALUES (2005, 33, 'Flower Drum', 'Melbourne');
INSERT INTO Restaurants (year, rank, restaurantName, cityName) VALUES (2005, 34, 'WD~50', 'New York');
INSERT INTO Restaurants (year, rank, restaurantName, cityName) VALUES (2005, 35, 'Le Quartier Français', 'Franschhoek');
INSERT INTO Restaurants (year, rank, restaurantName, cityName) VALUES (2005, 36, 'Spice Market', 'New York');
INSERT INTO Restaurants (year, rank, restaurantName, cityName) VALUES (2005, 37, 'LAuberge de lIll', 'Illhaeusern');
INSERT INTO Cities (cityName, countryName) VALUES ('Illhaeusern', 'France');
INSERT INTO Restaurants (year, rank, restaurantName, cityName) VALUES (2005, 38, 'Manresa', 'Port Townsend');
INSERT INTO Cities (cityName, countryName) VALUES ('Port Townsend', 'USA');
INSERT INTO Restaurants (year, rank, restaurantName, cityName) VALUES (2005, 39, 'Dieter Mueller', 'Gladbach');
INSERT INTO Restaurants (year, rank, restaurantName, cityName) VALUES (2005, 40, 'Troisgros', 'Ouches');
INSERT INTO Restaurants (year, rank, restaurantName, cityName) VALUES (2005, 41, 'The Wolseley', 'London');
INSERT INTO Restaurants (year, rank, restaurantName, cityName) VALUES (2005, 42, 'Rockpool', 'Sydney');
INSERT INTO Restaurants (year, rank, restaurantName, cityName) VALUES (2005, 43, 'Yauatcha', 'London');
INSERT INTO Restaurants (year, rank, restaurantName, cityName) VALUES (2005, 44, 'The Ivy', 'London');
INSERT INTO Restaurants (year, rank, restaurantName, cityName) VALUES (2005, 45, 'Gambero Rosso', 'Vernazza');
INSERT INTO Restaurants (year, rank, restaurantName, cityName) VALUES (2005, 46, 'The Cliff', 'Durants');
INSERT INTO Cities (cityName, countryName) VALUES ('Durants', 'Barbados');
INSERT INTO Countries (countryName) VALUES ('Barbados');
INSERT INTO Restaurants (year, rank, restaurantName, cityName) VALUES (2005, 47, 'Le Gavroche', 'London');
INSERT INTO Restaurants (year, rank, restaurantName, cityName) VALUES (2005, 48, 'Enoteca Pinchiorri', 'Florence');
INSERT INTO Restaurants (year, rank, restaurantName, cityName) VALUES (2005, 49, 'Felix', 'Hong Kong');
INSERT INTO Restaurants (year, rank, restaurantName, cityName) VALUES (2005, 50, 'La Tupina', 'Bordeaux');
INSERT INTO Cities (cityName, countryName) VALUES ('Bordeaux', 'France');
INSERT INTO Restaurants (year, rank, restaurantName, cityName) VALUES (2004, 1, 'The French Laundry', 'Yountville');
INSERT INTO Restaurants (year, rank, restaurantName, cityName) VALUES (2004, 2, 'The Fat Duck', 'Maidenhead');
INSERT INTO Restaurants (year, rank, restaurantName, cityName) VALUES (2004, 3, 'El Bulli', 'Roses');
INSERT INTO Restaurants (year, rank, restaurantName, cityName) VALUES (2004, 4, 'LAtelier Saint Germain De Joël Robuchon', 'Paris');
INSERT INTO Restaurants (year, rank, restaurantName, cityName) VALUES (2004, 5, 'Pierre Gagnaire', 'Paris');
INSERT INTO Restaurants (year, rank, restaurantName, cityName) VALUES (2004, 6, 'Guy Savoy', 'Paris');
INSERT INTO Restaurants (year, rank, restaurantName, cityName) VALUES (2004, 7, 'Nobu', 'London');
INSERT INTO Restaurants (year, rank, restaurantName, cityName) VALUES (2004, 8, 'Restaurant Gordon Ramsay', 'London');
INSERT INTO Restaurants (year, rank, restaurantName, cityName) VALUES (2004, 9, 'Bras', 'Laguiole');
INSERT INTO Restaurants (year, rank, restaurantName, cityName) VALUES (2004, 10, 'Le Louis XV', 'Monaco');
INSERT INTO Restaurants (year, rank, restaurantName, cityName) VALUES (2004, 11, 'Gramercy Tavern', 'New York');
INSERT INTO Restaurants (year, rank, restaurantName, cityName) VALUES (2004, 12, 'Daniel', 'New York');
INSERT INTO Restaurants (year, rank, restaurantName, cityName) VALUES (2004, 13, 'Tetsuyas', 'Sydney');
INSERT INTO Restaurants (year, rank, restaurantName, cityName) VALUES (2004, 14, 'Hakkasan', 'London');
INSERT INTO Restaurants (year, rank, restaurantName, cityName) VALUES (2004, 15, 'The Waterside Inn', 'London');
INSERT INTO Restaurants (year, rank, restaurantName, cityName) VALUES (2004, 16, 'St John', 'London');
INSERT INTO Restaurants (year, rank, restaurantName, cityName) VALUES (2004, 17, 'LAmi Louis', 'Paris');
INSERT INTO Restaurants (year, rank, restaurantName, cityName) VALUES (2004, 18, 'Jean Georges', 'New York');
INSERT INTO Restaurants (year, rank, restaurantName, cityName) VALUES (2004, 19, 'Le Gavroche', 'London');
INSERT INTO Restaurants (year, rank, restaurantName, cityName) VALUES (2004, 20, 'Flower Drum', 'Melbourne');
INSERT INTO Restaurants (year, rank, restaurantName, cityName) VALUES (2004, 21, 'The Merchant House', 'London');
INSERT INTO Restaurants (year, rank, restaurantName, cityName) VALUES (2004, 22, 'Arzak', 'San Sebastian');
INSERT INTO Restaurants (year, rank, restaurantName, cityName) VALUES (2004, 23, 'Dal Pescatore', 'Canneto sullOglio');
INSERT INTO Restaurants (year, rank, restaurantName, cityName) VALUES (2004, 24, 'The Ivy', 'London');
INSERT INTO Restaurants (year, rank, restaurantName, cityName) VALUES (2004, 25, 'Arpège', 'Paris');
INSERT INTO Restaurants (year, rank, restaurantName, cityName) VALUES (2004, 26, 'Can Fabes', 'Barcelona');
INSERT INTO Restaurants (year, rank, restaurantName, cityName) VALUES (2004, 27, 'Die Schwarzaldstube', 'Baiersbronn');
INSERT INTO Restaurants (year, rank, restaurantName, cityName) VALUES (2004, 28, 'The Cliff', 'Durants');
INSERT INTO Restaurants (year, rank, restaurantName, cityName) VALUES (2004, 29, 'Rockpool', 'Sydney');
INSERT INTO Restaurants (year, rank, restaurantName, cityName) VALUES (2004, 30, 'Le Manoir aux QuatSaisons', 'Oxford');
INSERT INTO Restaurants (year, rank, restaurantName, cityName) VALUES (2004, 31, 'Al Mahara', 'Dubai');
INSERT INTO Countries (countryName) VALUES ('UAE');
INSERT INTO Restaurants (year, rank, restaurantName, cityName) VALUES (2004, 32, 'Charlie Trotters', 'Chicago');
INSERT INTO Restaurants (year, rank, restaurantName, cityName) VALUES (2004, 33, 'Le Jardin des Sens', 'Montpellier');
INSERT INTO Cities (cityName, countryName) VALUES ('Montpellier', 'France');
INSERT INTO Restaurants (year, rank, restaurantName, cityName) VALUES (2004, 34, 'The Square', 'London');
INSERT INTO Restaurants (year, rank, restaurantName, cityName) VALUES (2004, 35, 'Spago', 'Beverly Hills');
INSERT INTO Cities (cityName, countryName) VALUES ('Beverly Hills', 'USA');
INSERT INTO Restaurants (year, rank, restaurantName, cityName) VALUES (2004, 36, 'Bukhara', 'New Delhi');
INSERT INTO Restaurants (year, rank, restaurantName, cityName) VALUES (2004, 37, 'Chez Panisse', 'Berkeley');
INSERT INTO Restaurants (year, rank, restaurantName, cityName) VALUES (2004, 38, 'Le Meurice', 'Paris');
INSERT INTO Restaurants (year, rank, restaurantName, cityName) VALUES (2004, 39, 'Troisgros', 'Ouches');
INSERT INTO Restaurants (year, rank, restaurantName, cityName) VALUES (2004, 40, 'Balthazar', 'New York');
INSERT INTO Restaurants (year, rank, restaurantName, cityName) VALUES (2004, 41, 'River Café', 'London');
INSERT INTO Restaurants (year, rank, restaurantName, cityName) VALUES (2004, 42, 'La Tupina', 'Bordeaux');
INSERT INTO Restaurants (year, rank, restaurantName, cityName) VALUES (2004, 43, 'LAuberge de lIll', 'Illhaeusern');
INSERT INTO Restaurants (year, rank, restaurantName, cityName) VALUES (2004, 44, 'Craft', 'New York');
INSERT INTO Restaurants (year, rank, restaurantName, cityName) VALUES (2004, 45, 'La Tour DArgent', 'Paris');
INSERT INTO Restaurants (year, rank, restaurantName, cityName) VALUES (2004, 46, 'Le Maison de Marc Veyrat', 'Manigod');
INSERT INTO Cities (cityName, countryName) VALUES ('Manigod', 'France');
INSERT INTO Restaurants (year, rank, restaurantName, cityName) VALUES (2004, 47, 'Felix', 'Hong Kong');
INSERT INTO Restaurants (year, rank, restaurantName, cityName) VALUES (2004, 48, 'De Karmeliet', 'Bruges');
INSERT INTO Restaurants (year, rank, restaurantName, cityName) VALUES (2004, 49, 'The Wolseley', 'London');
INSERT INTO Restaurants (year, rank, restaurantName, cityName) VALUES (2004, 50, 'Gambero Roso', 'Vernazza');
INSERT INTO Restaurants (year, rank, restaurantName, cityName) VALUES (2003, 1, 'The French Laundry', 'Yountville');
INSERT INTO Restaurants (year, rank, restaurantName, cityName) VALUES (2003, 2, 'El Bulli', 'Roses');
INSERT INTO Restaurants (year, rank, restaurantName, cityName) VALUES (2003, 3, 'Le Louis XV', 'Monaco');
INSERT INTO Restaurants (year, rank, restaurantName, cityName) VALUES (2003, 4, 'Jean Georges', 'New York');
INSERT INTO Restaurants (year, rank, restaurantName, cityName) VALUES (2003, 5, 'Restaurant Gordon Ramsay', 'London');
INSERT INTO Restaurants (year, rank, restaurantName, cityName) VALUES (2003, 6, 'Arpège', 'Paris');
INSERT INTO Restaurants (year, rank, restaurantName, cityName) VALUES (2003, 7, 'Comme Chez Soi', 'Brussels');
INSERT INTO Restaurants (year, rank, restaurantName, cityName) VALUES (2003, 8, 'Rockpool', 'Sydney');
INSERT INTO Restaurants (year, rank, restaurantName, cityName) VALUES (2003, 9, 'LAmbroisie', 'Paris');
INSERT INTO Restaurants (year, rank, restaurantName, cityName) VALUES (2003, 10, 'Gramercy Tavern', 'New York');
INSERT INTO Restaurants (year, rank, restaurantName, cityName) VALUES (2003, 11, 'Michel Bras', 'Laguiole');
INSERT INTO Restaurants (year, rank, restaurantName, cityName) VALUES (2003, 12, 'Chez Panisse', 'Berkeley');
INSERT INTO Restaurants (year, rank, restaurantName, cityName) VALUES (2003, 13, 'Pierre Gagnaire', 'Paris');
INSERT INTO Restaurants (year, rank, restaurantName, cityName) VALUES (2003, 14, 'The Merchant House', 'London');
INSERT INTO Restaurants (year, rank, restaurantName, cityName) VALUES (2003, 15, 'Bocca', 'Tallinn');
INSERT INTO Cities (cityName, countryName) VALUES ('Tallinn', 'Estonia');
INSERT INTO Countries (countryName) VALUES ('Estonia');
INSERT INTO Restaurants (year, rank, restaurantName, cityName) VALUES (2003, 16, 'Sukiyabashi Jiro', 'Tokyo');
INSERT INTO Restaurants (year, rank, restaurantName, cityName) VALUES (2003, 17, 'Felix', 'Hong Kong');
INSERT INTO Restaurants (year, rank, restaurantName, cityName) VALUES (2003, 18, 'LAuberge de lIll', 'Illhaeusern');
INSERT INTO Restaurants (year, rank, restaurantName, cityName) VALUES (2003, 19, 'Gidleigh Park', 'Changford');
INSERT INTO Cities (cityName, countryName) VALUES ('Changford', 'UK');
INSERT INTO Restaurants (year, rank, restaurantName, cityName) VALUES (2003, 20, 'Bukhara', 'New Delhi');
INSERT INTO Restaurants (year, rank, restaurantName, cityName) VALUES (2003, 21, 'Paul Boscoe', 'Collonges-au-Mont-dOr');
INSERT INTO Cities (cityName, countryName) VALUES ('Collonges-au-Mont-dOr', 'France');
INSERT INTO Restaurants (year, rank, restaurantName, cityName) VALUES (2003, 22, 'De Karmeliet', 'Bruges');
INSERT INTO Restaurants (year, rank, restaurantName, cityName) VALUES (2003, 23, 'Al Mahara', 'Dubai');
INSERT INTO Restaurants (year, rank, restaurantName, cityName) VALUES (2003, 24, 'Vincent Guerithault on Camelback', 'Phoenix');
INSERT INTO Cities (cityName, countryName) VALUES ('Phoenix', 'USA');
INSERT INTO Restaurants (year, rank, restaurantName, cityName) VALUES (2003, 25, 'Thortons', 'Dublin');
INSERT INTO Cities (cityName, countryName) VALUES ('Dublin', 'Ireland');
INSERT INTO Countries (countryName) VALUES ('Ireland');
INSERT INTO Restaurants (year, rank, restaurantName, cityName) VALUES (2003, 26, 'Nobu', 'London');
INSERT INTO Restaurants (year, rank, restaurantName, cityName) VALUES (2003, 27, 'Operakällaren', 'Stockholm');
INSERT INTO Restaurants (year, rank, restaurantName, cityName) VALUES (2003, 28, 'Eigensinn Farm', 'Singhampton');
INSERT INTO Cities (cityName, countryName) VALUES ('Singhampton', 'Canada');
INSERT INTO Countries (countryName) VALUES ('Canada');
INSERT INTO Restaurants (year, rank, restaurantName, cityName) VALUES (2003, 29, 'Le Manoir aux QuatSaison', 'Oxford');
INSERT INTO Restaurants (year, rank, restaurantName, cityName) VALUES (2003, 30, 'Guy Savoy', 'Paris');
INSERT INTO Restaurants (year, rank, restaurantName, cityName) VALUES (2003, 31, 'The Ivy', 'London');
INSERT INTO Restaurants (year, rank, restaurantName, cityName) VALUES (2003, 32, 'The Three Chimneys', 'Isle of Skye');
INSERT INTO Cities (cityName, countryName) VALUES ('Isle of Skye', 'UK');
INSERT INTO Restaurants (year, rank, restaurantName, cityName) VALUES (2003, 33, 'Petrus', 'London');
INSERT INTO Restaurants (year, rank, restaurantName, cityName) VALUES (2003, 34, 'Daniel', 'New York');
INSERT INTO Restaurants (year, rank, restaurantName, cityName) VALUES (2003, 35, 'Dal Pescatore', 'Canneto sullOglio');
INSERT INTO Restaurants (year, rank, restaurantName, cityName) VALUES (2003, 36, 'Bagatelle', 'Oslo');
INSERT INTO Restaurants (year, rank, restaurantName, cityName) VALUES (2003, 37, 'Tetsuyas', 'Sydney');
INSERT INTO Restaurants (year, rank, restaurantName, cityName) VALUES (2003, 38, 'Quattro Passi', 'Massa Lubrense');
INSERT INTO Cities (cityName, countryName) VALUES ('Massa Lubrense', 'Italy');
INSERT INTO Restaurants (year, rank, restaurantName, cityName) VALUES (2003, 39, 'Charlie Trotters', 'Chicago');
INSERT INTO Restaurants (year, rank, restaurantName, cityName) VALUES (2003, 40, 'Arzak', 'San Sebastian');
INSERT INTO Restaurants (year, rank, restaurantName, cityName) VALUES (2003, 41, 'Flower Drum', 'Melbourne');
INSERT INTO Restaurants (year, rank, restaurantName, cityName) VALUES (2003, 42, 'The Cliff', 'Durants');
INSERT INTO Restaurants (year, rank, restaurantName, cityName) VALUES (2003, 43, 'The Square', 'London');
INSERT INTO Restaurants (year, rank, restaurantName, cityName) VALUES (2003, 44, 'Enoteca Pinchiorri', 'Florence');
INSERT INTO Restaurants (year, rank, restaurantName, cityName) VALUES (2003, 45, '1884', 'Godoy Cruz');
INSERT INTO Cities (cityName, countryName) VALUES ('Godoy Cruz', 'Argentina');
INSERT INTO Restaurants (year, rank, restaurantName, cityName) VALUES (2003, 46, 'Checchino Dal 1887', 'Rome');
INSERT INTO Restaurants (year, rank, restaurantName, cityName) VALUES (2003, 47, 'River Café', 'London');
INSERT INTO Restaurants (year, rank, restaurantName, cityName) VALUES (2003, 48, 'New York Grill', 'Tokyo');
INSERT INTO Restaurants (year, rank, restaurantName, cityName) VALUES (2003, 49, 'St John', 'London');
INSERT INTO Restaurants (year, rank, restaurantName, cityName) VALUES (2003, 50, 'Carnivore', 'Nairobi');
INSERT INTO Cities (cityName, countryName) VALUES ('Nairobi', 'Kenya');
INSERT INTO Countries (countryName) VALUES ('Kenya');
INSERT INTO Restaurants (year, rank, restaurantName, cityName) VALUES (2002, 1, 'El Bulli', 'Roses');
INSERT INTO Restaurants (year, rank, restaurantName, cityName) VALUES (2002, 2, 'Restaurant Gordon Ramsay', 'London');
INSERT INTO Restaurants (year, rank, restaurantName, cityName) VALUES (2002, 3, 'The French Laundry', 'Yountville');
INSERT INTO Restaurants (year, rank, restaurantName, cityName) VALUES (2002, 4, 'Rockpool', 'Sydney');
INSERT INTO Restaurants (year, rank, restaurantName, cityName) VALUES (2002, 5, 'Spoon des Iles', 'Ile Maurice');
INSERT INTO Cities (cityName, countryName) VALUES ('Ile Maurice', 'Mauritius');
INSERT INTO Countries (countryName) VALUES ('Mauritius');
INSERT INTO Restaurants (year, rank, restaurantName, cityName) VALUES (2002, 6, 'LAuberge de lIll', 'Alsace');
INSERT INTO Cities (cityName, countryName) VALUES ('Alsace', 'France');
INSERT INTO Restaurants (year, rank, restaurantName, cityName) VALUES (2002, 7, '1884', 'Godoy Cruz');
INSERT INTO Restaurants (year, rank, restaurantName, cityName) VALUES (2002, 8, 'The Ivy', 'London');
INSERT INTO Restaurants (year, rank, restaurantName, cityName) VALUES (2002, 9, 'Eigensinn Farm', 'Singhampton');
INSERT INTO Restaurants (year, rank, restaurantName, cityName) VALUES (2002, 10, 'Tetsuyas', 'Sydney');
INSERT INTO Restaurants (year, rank, restaurantName, cityName) VALUES (2002, 11, 'Charlie Trotters', 'Chicago');
INSERT INTO Restaurants (year, rank, restaurantName, cityName) VALUES (2002, 12, 'Tangerine', 'Philadelphia');
INSERT INTO Cities (cityName, countryName) VALUES ('Philadelphia', 'USA');
INSERT INTO Restaurants (year, rank, restaurantName, cityName) VALUES (2002, 13, 'La Coupole', 'Paris');
INSERT INTO Restaurants (year, rank, restaurantName, cityName) VALUES (2002, 14, 'Bukhara', 'New Delhi');
INSERT INTO Restaurants (year, rank, restaurantName, cityName) VALUES (2002, 15, 'Vong', 'New York');
INSERT INTO Restaurants (year, rank, restaurantName, cityName) VALUES (2002, 16, 'LAmbroisie', 'Paris');
INSERT INTO Restaurants (year, rank, restaurantName, cityName) VALUES (2002, 17, 'Al Mahara', 'Dubai');
INSERT INTO Restaurants (year, rank, restaurantName, cityName) VALUES (2002, 18, 'Felix', 'Hong Kong');
INSERT INTO Restaurants (year, rank, restaurantName, cityName) VALUES (2002, 19, 'The Merchant House', 'Portsmouth');
INSERT INTO Cities (cityName, countryName) VALUES ('Portsmouth', 'UK');
INSERT INTO Restaurants (year, rank, restaurantName, cityName) VALUES (2002, 20, 'Operakällaren', 'Stockholm');
INSERT INTO Restaurants (year, rank, restaurantName, cityName) VALUES (2002, 21, 'Gramercy Tavern', 'New York');
INSERT INTO Restaurants (year, rank, restaurantName, cityName) VALUES (2002, 22, 'Sukiyabashi Jiro', 'Tokyo');
INSERT INTO Restaurants (year, rank, restaurantName, cityName) VALUES (2002, 23, 'Little Washington', 'Washington');
INSERT INTO Cities (cityName, countryName) VALUES ('Washington', 'USA');
INSERT INTO Restaurants (year, rank, restaurantName, cityName) VALUES (2002, 24, 'Alle Testiere', 'Venice');
INSERT INTO Cities (cityName, countryName) VALUES ('Venice', 'Italy');
INSERT INTO Restaurants (year, rank, restaurantName, cityName) VALUES (2002, 25, 'The Lone Star', 'Mount Standfast');
INSERT INTO Cities (cityName, countryName) VALUES ('Mount Standfast', 'Barbados');
INSERT INTO Restaurants (year, rank, restaurantName, cityName) VALUES (2002, 26, 'Chez Vroney', 'Zermatt');
INSERT INTO Cities (cityName, countryName) VALUES ('Zermatt', 'Switzerland');
INSERT INTO Restaurants (year, rank, restaurantName, cityName) VALUES (2002, 27, 'Flower Drum', 'Melbourne');
INSERT INTO Restaurants (year, rank, restaurantName, cityName) VALUES (2002, 28, 'The Three Chimneys', 'Isle of Skye');
INSERT INTO Restaurants (year, rank, restaurantName, cityName) VALUES (2002, 29, 'Chez Panisse', 'Berkeley');
INSERT INTO Restaurants (year, rank, restaurantName, cityName) VALUES (2002, 30, 'Le Jardin des Sens', 'Montpellier');
INSERT INTO Restaurants (year, rank, restaurantName, cityName) VALUES (2002, 31, 'River Café', 'London');
INSERT INTO Restaurants (year, rank, restaurantName, cityName) VALUES (2002, 32, 'Kronenhalle', 'Zürich');
INSERT INTO Cities (cityName, countryName) VALUES ('Zürich', 'Switzerland');
INSERT INTO Restaurants (year, rank, restaurantName, cityName) VALUES (2002, 33, 'Il Pescatore', 'Orlando');
INSERT INTO Cities (cityName, countryName) VALUES ('Orlando', 'USA');
INSERT INTO Restaurants (year, rank, restaurantName, cityName) VALUES (2002, 34, 'Nepenthe', 'Big Sur');
INSERT INTO Cities (cityName, countryName) VALUES ('Big Sur', 'USA');
INSERT INTO Restaurants (year, rank, restaurantName, cityName) VALUES (2002, 35, 'The Spa', 'Lamai Beach');
INSERT INTO Cities (cityName, countryName) VALUES ('Lamai Beach', 'Thailand');
INSERT INTO Restaurants (year, rank, restaurantName, cityName) VALUES (2002, 36, 'Hotel de Paris', 'Monaco');
INSERT INTO Restaurants (year, rank, restaurantName, cityName) VALUES (2002, 37, 'Moulin de Mougin', 'Mougins');
INSERT INTO Cities (cityName, countryName) VALUES ('Mougins', 'France');
INSERT INTO Restaurants (year, rank, restaurantName, cityName) VALUES (2002, 38, 'Ginza Sushiko', 'Beverly Hills');
INSERT INTO Restaurants (year, rank, restaurantName, cityName) VALUES (2002, 39, 'Changa', 'Istanbul');
INSERT INTO Restaurants (year, rank, restaurantName, cityName) VALUES (2002, 40, 'Michel Bras', 'Laguiole');
INSERT INTO Restaurants (year, rank, restaurantName, cityName) VALUES (2002, 41, 'Le Quartier Français', 'Franschhoek');
INSERT INTO Restaurants (year, rank, restaurantName, cityName) VALUES (2002, 42, 'Roundwood House', 'County Laois');
INSERT INTO Cities (cityName, countryName) VALUES ('County Laois', 'Ireland');
INSERT INTO Restaurants (year, rank, restaurantName, cityName) VALUES (2002, 43, 'The Supper Club', 'Amsterdam');
INSERT INTO Cities (cityName, countryName) VALUES ('Amsterdam', 'Netherlands');
INSERT INTO Restaurants (year, rank, restaurantName, cityName) VALUES (2002, 44, 'Blue Lagoon', 'Grindavik');
INSERT INTO Cities (cityName, countryName) VALUES ('Grindavik', 'Iceland');
INSERT INTO Countries (countryName) VALUES ('Iceland');
INSERT INTO Restaurants (year, rank, restaurantName, cityName) VALUES (2002, 45, 'Bayona', 'New Orleans');
INSERT INTO Cities (cityName, countryName) VALUES ('New Orleans', 'USA');
INSERT INTO Restaurants (year, rank, restaurantName, cityName) VALUES (2002, 46, 'The Grundel', 'Budapest');
INSERT INTO Cities (cityName, countryName) VALUES ('Budapest', 'Hungary');
INSERT INTO Countries (countryName) VALUES ('Hungary');
INSERT INTO Restaurants (year, rank, restaurantName, cityName) VALUES (2002, 47, 'Carnivore', 'Nairobi');
INSERT INTO Restaurants (year, rank, restaurantName, cityName) VALUES (2002, 48, 'Bagatelle', 'Oslo');
INSERT INTO Restaurants (year, rank, restaurantName, cityName) VALUES (2002, 49, 'Susar', 'Toronto');
INSERT INTO Cities (cityName, countryName) VALUES ('Toronto', 'Canada');
INSERT INTO Restaurants (year, rank, restaurantName, cityName) VALUES (2002, 50, 'Tantris', 'München');
